{"allAttributes":0.7960016319869441,"bestAttributes":[0.6527777777777778,0.6693333333333333,0.6567996567996568,0.6726850385386971,0.6604414261460102,0.7613860358958398,0.7469379491851402,0.7575757575757576,0.7575757575757576,0.7647058823529411,0.7756017951856385,0.7742200328407225,0.767182913250329,0.7874278773155178,0.7777777777777777,0.7874278773155178,0.7777777777777777,0.7777777777777777,0.7564935064935066,0.7660461804495982,0.7874278773155178,0.7987117552334944,0.7987117552334944,0.7987117552334944,0.7987117552334944,0.7987117552334944,0.7874278773155178,0.7874278773155178,0.7874278773155178,0.7874278773155178,0.7874278773155178,0.797077922077922,0.797979797979798,0.8076728413807066,0.8076728413807066,0.8270776116366595,0.8270776116366595,0.8270776116366595,0.8270776116366595,0.8164014687882497,0.8164014687882497,0.8067338012409724,0.8067338012409724,0.8164014687882497,0.8067338012409724,0.8067338012409724,0.7960016319869441,0.7960016319869441,0.8056265984654732,0.8056265984654732,0.8056265984654732,0.8056265984654732,0.8056265984654732,0.8056265984654732,0.8249407887962105,0.8249407887962105,0.8152709359605911,0.8152709359605911,0.8152709359605911,0.8152709359605911,0.8152709359605911,0.8152709359605911,0.8152709359605911,0.8152709359605911,0.8152709359605911,0.8152709359605911,0.8152709359605911,0.8152709359605911,0.8152709359605911,0.8056265984654732,0.797077922077922,0.797077922077922,0.7863899908452853,0.7863899908452853,0.797077922077922,0.797077922077922,0.797077922077922,0.797077922077922,0.797077922077922,0.797077922077922,0.7874278773155178,0.7874278773155178,0.8076728413807066,0.797077922077922,0.797077922077922,0.8067338012409724,0.8067338012409724,0.797077922077922,0.797077922077922,0.8067338012409724,0.8067338012409724,0.8067338012409724,0.8067338012409724,0.8067338012409724,0.797077922077922,0.797077922077922,0.797077922077922,0.8067338012409724,0.7960016319869441,0.8067338012409724,0.8067338012409724,0.797077922077922,0.797077922077922,0.797077922077922,0.797077922077922,0.797077922077922,0.797077922077922,0.797077922077922,0.797077922077922,0.797077922077922,0.797077922077922,0.797077922077922,0.797077922077922,0.797077922077922,0.797077922077922,0.797077922077922,0.797077922077922,0.797077922077922,0.797077922077922,0.8076728413807066,0.8076728413807066,0.8076728413807066,0.797979797979798,0.797979797979798,0.797979797979798,0.797979797979798,0.7882851093860268,0.7882851093860268,0.7882851093860268,0.7882851093860268,0.7882851093860268,0.7882851093860268,0.7882851093860268,0.7882851093860268,0.7882851093860268,0.797979797979798,0.8173701298701299,0.8270776116366595,0.8076728413807066,0.8076728413807066,0.8173701298701299,0.8173701298701299,0.8173701298701299,0.8173701298701299,0.8173701298701299,0.8173701298701299,0.8076728413807066,0.8173701298701299,0.8173701298701299,0.8173701298701299,0.8270776116366595,0.8270776116366595,0.8270776116366595,0.8173701298701299,0.8270776116366595,0.8270776116366595,0.8270776116366595,0.8173701298701299,0.8076728413807066,0.8076728413807066,0.8173701298701299,0.8173701298701299,0.8173701298701299,0.8076728413807066,0.8076728413807066,0.8076728413807066,0.8076728413807066,0.8076728413807066,0.8076728413807066,0.797979797979798,0.8076728413807066,0.8076728413807066,0.8076728413807066,0.8076728413807066,0.797979797979798,0.797979797979798,0.7882851093860268,0.797979797979798,0.797979797979798,0.797979797979798,0.797979797979798,0.797979797979798,0.797979797979798,0.797979797979798,0.797979797979798,0.797979797979798,0.797979797979798,0.797979797979798,0.797979797979798,0.797979797979798,0.797979797979798,0.797979797979798,0.797979797979798,0.797979797979798,0.797979797979798,0.797979797979798,0.797979797979798,0.797979797979798,0.7882851093860268,0.7889659330720531,0.7889659330720531,0.7889659330720531,0.7889659330720531,0.7889659330720531,0.7785829307568437,0.7785829307568437,0.7785829307568437,0.7785829307568437,0.7889659330720531,0.7889659330720531,0.7889659330720531,0.7889659330720531,0.7889659330720531,0.7785829307568437,0.7785829307568437,0.7785829307568437,0.7785829307568437,0.7785829307568437,0.7785829307568437,0.7882851093860268,0.7882851093860268,0.7882851093860268,0.7882851093860268,0.7882851093860268,0.7882851093860268,0.7785829307568437,0.7785829307568437,0.7785829307568437,0.7785829307568437,0.7785829307568437,0.7889659330720531,0.7889659330720531,0.7889659330720531,0.7889659330720531,0.7889659330720531,0.7889659330720531,0.7889659330720531,0.7889659330720531,0.7987117552334944,0.7987117552334944,0.7987117552334944,0.7987117552334944,0.7889659330720531,0.7882851093860268,0.7882851093860268,0.7882851093860268,0.7882851093860268,0.7882851093860268,0.7882851093860268,0.7987117552334944,0.7987117552334944,0.7987117552334944,0.7882851093860268,0.7882851093860268,0.7882851093860268,0.7882851093860268,0.7882851093860268,0.7882851093860268,0.7882851093860268,0.7882851093860268,0.7882851093860268,0.7882851093860268,0.7882851093860268,0.7882851093860268,0.7882851093860268,0.7882851093860268,0.7882851093860268,0.7882851093860268,0.7882851093860268,0.7987117552334944,0.7987117552334944,0.7987117552334944,0.7987117552334944,0.7987117552334944,0.7987117552334944,0.7987117552334944,0.7889659330720531,0.7889659330720531,0.7987117552334944,0.7889659330720531,0.7889659330720531,0.7987117552334944,0.7987117552334944,0.7987117552334944,0.7987117552334944,0.7987117552334944,0.7987117552334944,0.7987117552334944,0.7987117552334944,0.7987117552334944,0.7987117552334944,0.7987117552334944,0.7987117552334944,0.7987117552334944,0.7987117552334944,0.7987117552334944,0.7987117552334944,0.7987117552334944,0.7987117552334944,0.7987117552334944,0.7987117552334944,0.7987117552334944,0.7987117552334944,0.7987117552334944,0.7987117552334944,0.779205138498595,0.7889659330720531,0.7889659330720531,0.779205138498595,0.779205138498595,0.779205138498595,0.779205138498595,0.8084484323016434,0.8084484323016434,0.8084484323016434,0.8084484323016434,0.8084484323016434,0.7987117552334944,0.7987117552334944,0.7987117552334944,0.7987117552334944,0.7987117552334944,0.7987117552334944,0.7987117552334944,0.7987117552334944,0.7987117552334944,0.7987117552334944,0.7987117552334944,0.7889659330720531,0.7889659330720531,0.7889659330720531,0.7987117552334944,0.7987117552334944,0.7987117552334944,0.7987117552334944,0.7987117552334944,0.7987117552334944,0.7889659330720531,0.7889659330720531,0.7889659330720531,0.7889659330720531,0.7889659330720531,0.7889659330720531,0.7889659330720531,0.7889659330720531,0.7889659330720531,0.7987117552334944,0.7987117552334944,0.7987117552334944,0.8084484323016434,0.8084484323016434,0.8084484323016434,0.8084484323016434,0.8084484323016434,0.8084484323016434,0.8084484323016434,0.8181818181818182,0.8181818181818182,0.8181818181818182,0.8181818181818182,0.8181818181818182,0.8181818181818182,0.8181818181818182,0.8181818181818182,0.8181818181818182,0.8181818181818182,0.8181818181818182,0.8181818181818182,0.8181818181818182,0.8181818181818182,0.8173701298701299,0.8173701298701299,0.8173701298701299,0.8173701298701299,0.8173701298701299,0.8173701298701299,0.8173701298701299,0.8173701298701299,0.8279178054458953,0.8181818181818182,0.8181818181818182,0.8181818181818182,0.8181818181818182,0.8181818181818182,0.8181818181818182,0.8181818181818182,0.8181818181818182,0.8181818181818182,0.8181818181818182,0.8181818181818182,0.8181818181818182,0.8181818181818182,0.8181818181818182,0.8181818181818182,0.8181818181818182,0.8279178054458953,0.8279178054458953,0.8279178054458953,0.8279178054458953,0.8279178054458953,0.8279178054458953,0.8279178054458953,0.8279178054458953,0.8279178054458953,0.8279178054458953,0.8279178054458953,0.8279178054458953,0.8279178054458953,0.8279178054458953,0.8279178054458953,0.8279178054458953,0.8279178054458953,0.8279178054458953,0.8279178054458953,0.8279178054458953,0.8279178054458953,0.8279178054458953,0.8279178054458953,0.8279178054458953,0.8279178054458953,0.8279178054458953,