{"allAttributes":0.7960016319869441,"bestAttributes":[0.5899589958995899,0.6697027324592133,0.6496847162446202,0.6989160979526294,0.6995192307692308,0.6995192307692308,0.7085720028137874,0.7189883580891208,0.767182913250329,0.6874684948079444,0.6980676328502415,0.6989160979526294,0.7085720028137874,0.7085720028137874,0.7085720028137874,0.6980676328502415,0.707631817723561,0.7195512820512819,0.7493734335839599,0.7688674505074866,0.7487689679429204,0.7479584635547938,0.7479584635547938,0.7479584635547938,0.7688674505074866,0.7373737373737375,0.7487689679429204,0.7591328783621035,0.779205138498595,0.7591328783621035,0.7487689679429204,0.7591328783621035,0.7479584635547938,0.7681217864704104,0.7575757575757576,0.7383252818035426,0.7390606182256123,0.7293233082706767,0.7293233082706767,0.7293233082706767,0.7286704853783539,0.7286704853783539,0.7189883580891208,0.7189883580891208,0.7293233082706767,0.7293233082706767,0.7293233082706767,0.7293233082706767,0.7293233082706767,0.7293233082706767,0.7493734335839599,0.7487689679429204,0.7487689679429204,0.7591328783621035,0.7591328783621035,0.7591328783621035,0.7591328783621035,0.7591328783621035,0.7591328783621035,0.7591328783621035,0.7591328783621035,0.7591328783621035,0.7591328783621035,0.7591328783621035,0.7591328783621035,0.7487689679429204,0.7383252818035426,0.7383252818035426,0.7383252818035426,0.7383252818035426,0.7383252818035426,0.7383252818035426,0.7383252818035426,0.7277951406391774,0.7277951406391774,0.7882851093860268,0.7987117552334944,0.7987117552334944,0.7987117552334944,0.8084484323016434,0.8084484323016434,0.8084484323016434,0.8084484323016434,0.7987117552334944,0.7987117552334944,0.7987117552334944,0.8084484323016434,0.7987117552334944,0.7987117552334944,0.7987117552334944,0.7987117552334944,0.7987117552334944,0.7987117552334944,0.7987117552334944,0.7987117552334944,0.7987117552334944,0.7889659330720531,0.7889659330720531,0.7889659330720531,0.7889659330720531,0.7889659330720531,0.7889659330720531,0.7889659330720531,0.7992773986350863,0.7992773986350863,0.7992773986350863,0.7992773986350863,0.7992773986350863,0.7992773986350863,0.7889659330720531,0.7889659330720531,0.7889659330720531,0.7889659330720531,0.7889659330720531,0.7889659330720531,0.7889659330720531,0.7889659330720531,0.7889659330720531,0.7889659330720531,0.7889659330720531,0.7889659330720531,0.7987117552334944,0.818840579710145,0.818840579710145,0.818840579710145,0.818840579710145,0.818840579710145,0.818840579710145,0.818840579710145,0.8286117552172598,0.8286117552172598,0.8286117552172598,0.8286117552172598,0.8286117552172598,0.8492613807657521,0.8389694041867954,0.8286117552172598,0.8286117552172598,0.8389694041867954,0.8286117552172598,0.8291628982011858,0.8389694041867954,0.8291628982011858,0.8389694041867954,0.8291628982011858,0.8291628982011858,0.8291628982011858,0.8291628982011858,0.8291628982011858,0.8389694041867954,0.8389694041867954,0.8389694041867954,0.8389694041867954,0.8389694041867954,0.8389694041867954,0.818840579710145,0.818840579710145,0.8181818181818182,0.8181818181818182,0.8286117552172598,0.8181818181818182,0.8181818181818182,0.8286117552172598,0.8389694041867954,0.8286117552172598,0.8286117552172598,0.8286117552172598,0.8181818181818182,0.8181818181818182,0.8181818181818182,0.8181818181818182,0.8181818181818182,0.8181818181818182,0.8181818181818182,0.8181818181818182,0.8181818181818182,0.8181818181818182,0.8181818181818182,0.8181818181818182,0.8286117552172598,0.8286117552172598,0.8181818181818182,0.8181818181818182,0.8181818181818182,0.8181818181818182,0.8181818181818182,0.8181818181818182,0.8181818181818182,0.8286117552172598,0.8286117552172598,0.8181818181818182,0.8181818181818182,0.8181818181818182,0.8181818181818182,0.8181818181818182,0.8181818181818182,0.8181818181818182,0.8181818181818182,0.8181818181818182,0.8181818181818182,0.8181818181818182,0.8181818181818182,0.8181818181818182,0.8181818181818182,0.8181818181818182,0.8181818181818182,0.8181818181818182,0.8181818181818182,0.8181818181818182,0.8181818181818182,0.8181818181818182,0.8181818181818182,0.8181818181818182,0.8181818181818182,0.8181818181818182,0.8181818181818182,0.8181818181818182,0.8181818181818182,0.8181818181818182,0.8181818181818182,0.8076728413807066,0.8076728413807066,0.8076728413807066,0.8076728413807066,0.8076728413807066,0.8076728413807066,0.8076728413807066,0.8076728413807066,0.8076728413807066,0.8076728413807066,0.8076728413807066,0.8076728413807066,0.8076728413807066,0.8076728413807066,0.8076728413807066,0.8076728413807066,0.8076728413807066,0.8076728413807066,0.8076728413807066,0.8076728413807066,0.8076728413807066,0.8076728413807066,0.8181818181818182,0.8181818181818182,0.8076728413807066,0.8181818181818182,0.8076728413807066,0.8076728413807066,0.8076728413807066,0.8076728413807066,0.8181818181818182,0.8181818181818182,0.8181818181818182,0.8181818181818182,0.8181818181818182,0.8181818181818182,0.8181818181818182,0.8286117552172598,0.8286117552172598,0.8286117552172598,0.8286117552172598,0.8286117552172598,0.8286117552172598,0.8286117552172598,0.8286117552172598,0.8286117552172598,0.8286117552172598,0.8286117552172598,0.8286117552172598,0.8286117552172598,0.8286117552172598,0.8286117552172598,0.8286117552172598,0.8286117552172598,0.8383838383838385,0.8383838383838385,0.8383838383838385,0.8383838383838385,0.8383838383838385,0.8383838383838385,0.8286117552172598,0.8286117552172598,0.8383838383838385,0.8383838383838385,0.8383838383838385,0.8383838383838385,0.8383838383838385,0.8383838383838385,0.8383838383838385,0.8383838383838385,0.8286117552172598,0.8286117552172598,0.8286117552172598,0.8286117552172598,0.8383838383838385,0.8383838383838385,0.8383838383838385,0.8383838383838385,0.8383838383838385,0.8383838383838385,0.8383838383838385,0.8383838383838385,0.8383838383838385,0.8383838383838385,0.8383838383838385,0.8383838383838385,0.8383838383838385,0.8383838383838385,0.8383838383838385,0.8383838383838385,0.8383838383838385,0.8383838383838385,0.8383838383838385,0.8383838383838385,0.8383838383838385,0.8383838383838385,0.8383838383838385,0.8383838383838385,0.8383838383838385,0.8383838383838385,0.8383838383838385,0.8383838383838385,0.8383838383838385,0.8383838383838385,0.8383838383838385,0.8383838383838385,0.8383838383838385,0.8383838383838385,0.8383838383838385,0.8383838383838385,0.8383838383838385,0.8383838383838385,0.8383838383838385,0.8383838383838385,0.8383838383838385,0.8383838383838385,0.8383838383838385,0.8383838383838385,0.8383838383838385,0.8383838383838385,0.8383838383838385,0.8383838383838385,0.8383838383838385,0.8383838383838385,0.8383838383838385,0.8383838383838385,0.8383838383838385,0.8383838383838385,0.8383838383838385,0.8383838383838385,0.8383838383838385,0.8383838383838385,0.8383838383838385,0.8383838383838385,0.8383838383838385,0.8383838383838385,0.8383838383838385,0.8383838383838385,0.8383838383838385,0.8383838383838385,0.8383838383838385,0.8383838383838385,0.8383838383838385,0.8383838383838385,0.8383838383838385,0.8383838383838385,0.8383838383838385,0.8383838383838385,0.8383838383838385,0.8383838383838385,0.8383838383838385,0.8383838383838385,0.8383838383838385,0.8383838383838385,0.8383838383838385,0.8383838383838385,0.8383838383838385,0.8383838383838385,0.8383838383838385,0.8383838383838385,0.8383838383838385,0.8383838383838385,0.8383838383838385,0.8383838383838385,0.8383838383838385,0.8383838383838385,0.8383838383838385,0.8383838383838385,0.8383838383838385,0.8383838383838385,0.8383838383838385,0.8383838383838385,0.8383838383838385,0.8383838383838385,0.8383838383838385,0.8383838383838385,0.8383838383838385,0.8383838383838385,0.8383838383838385,0.8383838383838385,0.8383838383838385,0.8383838383838385,0.8383838383838385,0.8383838383838385,0.8383838383838385,0.8383838383838385,0.8383838383838385,0.8383838383838385,0.8383838383838385,0.8383838383838385,0.8383838383838385,0.8383838383838385,0.8383838383838385,0.8383838383838385,0.8383838383838385,0.8383838383838385,0.8383838383838385,0.8383838383838385,