{"allAttributes":0.7960016319869441,"bestAttributes":[0.358974358974359,0.358974358974359,0.358974358974359,0.358974358974359,0.358974358974359,0.358974358974359,0.358974358974359,0.358974358974359,0.358974358974359,0.358974358974359,0.358974358974359,0.358974358974359,0.358974358974359,0.358974358974359,0.358974358974359,0.358974358974359,0.358974358974359,0.358974358974359,0.358974358974359,0.358974358974359,0.358974358974359,0.358974358974359,0.358974358974359,0.358974358974359,0.358974358974359,0.358974358974359,0.358974358974359,0.358974358974359,0.358974358974359,0.358974358974359,0.358974358974359,0.358974358974359,0.358974358974359,0.358974358974359,0.358974358974359,0.358974358974359,0.358974358974359,0.358974358974359,0.358974358974359,0.358974358974359,0.358974358974359,0.358974358974359,0.358974358974359,0.358974358974359,0.358974358974359,0.358974358974359,0.358974358974359,0.358974358974359,0.358974358974359,0.358974358974359,0.358974358974359,0.358974358974359,0.358974358974359,0.358974358974359,0.358974358974359,0.358974358974359,0.358974358974359,0.358974358974359,0.358974358974359,0.358974358974359,0.358974358974359,0.358974358974359,0.358974358974359,0.358974358974359,0.358974358974359,0.358974358974359,0.358974358974359,0.358974358974359,0.358974358974359,0.358974358974359,0.358974358974359,0.358974358974359,0.358974358974359,0.358974358974359,0.358974358974359,0.358974358974359,0.358974358974359,0.358974358974359,0.358974358974359,0.358974358974359,0.358974358974359,0.358974358974359,0.358974358974359,0.358974358974359,0.358974358974359,0.358974358974359,0.358974358974359,0.358974358974359,0.358974358974359,0.358974358974359,0.358974358974359,0.358974358974359,0.358974358974359,0.358974358974359,0.358974358974359,0.358974358974359,0.358974358974359,0.358974358974359,0.358974358974359,0.358974358974359,0.358974358974359,0.358974358974359,0.358974358974359,0.358974358974359,0.358974358974359,0.358974358974359,0.358974358974359,0.358974358974359,0.358974358974359,0.358974358974359,0.358974358974359,0.358974358974359,0.358974358974359,0.358974358974359,0.358974358974359,0.358974358974359,0.358974358974359,0.358974358974359,0.358974358974359,0.358974358974359,0.358974358974359,0.358974358974359,0.358974358974359,0.358974358974359,0.358974358974359,0.358974358974359,0.358974358974359,0.358974358974359,0.358974358974359,0.358974358974359,0.358974358974359,0.358974358974359,0.358974358974359,0.358974358974359,0.358974358974359,0.358974358974359,0.358974358974359,0.358974358974359,0.358974358974359,0.358974358974359,0.358974358974359,0.358974358974359,0.358974358974359,0.38351254480286734,0.38351254480286734,0.38351254480286734,0.38351254480286734,0.38351254480286734,0.38351254480286734,0.38351254480286734,0.38351254480286734,0.38351254480286734,0.38351254480286734,0.38351254480286734,0.38351254480286734,0.38351254480286734,0.38351254480286734,0.38351254480286734,0.38351254480286734,0.38351254480286734,0.38351254480286734,0.38351254480286734,0.38351254480286734,0.38351254480286734,0.38351254480286734,0.38351254480286734,0.38351254480286734,0.38351254480286734,0.38351254480286734,0.38351254480286734,0.38351254480286734,0.38351254480286734,0.38351254480286734,0.38351254480286734,0.38351254480286734,0.38351254480286734,0.38351254480286734,0.38351254480286734,0.38351254480286734,0.38351254480286734,0.38351254480286734,0.38351254480286734,0.38351254480286734,0.38351254480286734,0.38351254480286734,0.4071146245059289,0.4071146245059289,0.4071146245059289,0.4071146245059289,0.4071146245059289,0.4071146245059289,0.4071146245059289,0.4071146245059289,0.4071146245059289,0.42984285912946735,0.42984285912946735,0.42984285912946735,0.42984285912946735,0.42984285912946735,0.42984285912946735,0.42984285912946735,0.42984285912946735,0.42984285912946735,0.42984285912946735,0.42984285912946735,0.42984285912946735,0.42984285912946735,0.42984285912946735,0.42984285912946735,0.42984285912946735,0.42984285912946735,0.42984285912946735,0.42984285912946735,0.42984285912946735,0.42984285912946735,0.42984285912946735,0.42984285912946735,0.42984285912946735,0.42984285912946735,0.42984285912946735,0.42984285912946735,0.42984285912946735,0.42984285912946735,0.4243421052631579,0.4243421052631579,0.4243421052631579,0.4243421052631579,0.4243421052631579,0.37888198757763975,0.37888198757763975,0.37888198757763975,0.37888198757763975,0.37888198757763975,0.37888198757763975,0.37888198757763975,0.37888198757763975,0.37888198757763975,0.37888198757763975,0.37888198757763975,0.37888198757763975,0.37888198757763975,0.37888198757763975,0.37888198757763975,0.37888198757763975,0.37888198757763975,0.37888198757763975,0.37888198757763975,0.37888198757763975,0.37888198757763975,0.37888198757763975,0.37888198757763975,0.37888198757763975,0.3742177722152691,0.3742177722152691,0.3742177722152691,0.3742177722152691,0.3742177722152691,0.3742177722152691,0.3742177722152691,0.3742177722152691,0.3742177722152691,0.3742177722152691,0.3742177722152691,0.3742177722152691,0.3969298245614035,0.4078168180023687,0.4078168180023687,0.4078168180023687,0.4078168180023687,0.4078168180023687,0.4078168180023687,0.4078168180023687,0.4078168180023687,0.4078168180023687,0.4078168180023687,0.4078168180023687,0.4078168180023687,0.47862356621480706,0.47862356621480706,0.47862356621480706,0.4623655913978495,0.4623655913978495,0.4623655913978495,0.4623655913978495,0.4623655913978495,0.4623655913978495,0.4623655913978495,0.4623655913978495,0.4623655913978495,0.4623655913978495,0.4623655913978495,0.4623655913978495,0.4623655913978495,0.4623655913978495,0.4623655913978495,0.4623655913978495,0.4623655913978495,0.4623655913978495,0.46567194273616286,0.46567194273616286,0.46567194273616286,0.46567194273616286,0.41333333333333333,0.41333333333333333,0.41333333333333333,0.41333333333333333,0.41333333333333333,0.41333333333333333,0.41333333333333333,0.41333333333333333,0.42534529690492995,0.40577249575551777,0.3336397058823529,0.3336397058823529,0.3336397058823529,0.3395898505387557,0.3395898505387557,0.3395898505387557,0.3395898505387557,0.3395898505387557,0.32763532763532766,0.32763532763532766,0.32763532763532766,0.3336397058823529,0.3336397058823529,0.3336397058823529,0.3336397058823529,0.3336397058823529,0.3336397058823529,0.3336397058823529,0.3336397058823529,0.3336397058823529,0.35042735042735046,0.4208494208494209,0.4346666666666667,0.44821731748726656,0.44821731748726656,0.44821731748726656,0.44821731748726656,0.44821731748726656,0.44821731748726656,0.44821731748726656,0.44821731748726656,0.44821731748726656,0.44821731748726656,0.44821731748726656,0.44821731748726656,0.44821731748726656,0.44821731748726656,0.44821731748726656,0.44821731748726656,0.44821731748726656,0.44821731748726656,0.44821731748726656,0.44821731748726656,0.44821731748726656,0.4637494637494638,0.4637494637494638,0.4637494637494638,0.4637494637494638,0.5015766453056657,0.5015766453056657,0.5015766453056657,0.5015766453056657,0.4637494637494638,0.4637494637494638,0.4637494637494638,0.45599999999999996,0.45599999999999996,0.45599999999999996,0.45599999999999996,0.38278532151273703,0.38278532151273703,0.38278532151273703,0.38278532151273703,0.38278532151273703,0.39839572192513373,0.39839572192513373,0.4052294916395466,0.4052294916395466,0.4052294916395466,0.4052294916395466,0.4052294916395466,0.4052294916395466,0.4052294916395466,0.4052294916395466,0.4052294916395466,0.4052294916395466,0.4052294916395466,0.4052294916395466,0.45355191256830607,0.45355191256830607,0.45355191256830607,0.46647138822052514,0.45355191256830607,0.46151409566043716,0.46151409566043716,0.40675223816201056,0.40675223816201056,0.39236111111111116,0.39236111111111116,0.39236111111111116,0.39236111111111116,0.39236111111111116,0.39236111111111116,0.39236111111111116,0.39236111111111116,0.39236111111111116,0.48686371100164205,0.48686371100164205,0.48686371100164205,0.48686371100164205,0.48686371100164205,0.48686371100164205,0.48686371100164205,0.48686371100164205,