{"allAttributes":0.7960016319869441,"bestAttributes":[0.629666700030027,0.6598639455782314,0.6699669966996697,0.6594551282051282,0.6398559423769508,0.6598639455782314,0.66996699669967,0.6328029375764994,0.6236395076797884,0.6457131288591962,0.6482765551200884,0.6482765551200884,0.6363636363636364,0.6068152031454783,0.6363636363636364,0.6471418489767113,0.6471418489767113,0.6363636363636364,0.6363636363636364,0.6269785260610949,0.6175523349436394,0.6363636363636364,0.6363636363636364,0.6457131288591962,0.6347402597402598,0.6347402597402598,0.6439833180754755,0.653202774377805,0.653202774377805,0.653202774377805,0.653202774377805,0.653202774377805,0.653202774377805,0.6753246753246753,0.6753246753246753,0.6659580929243851,0.6565656565656566,0.6565656565656566,0.6565656565656566,0.6565656565656566,0.6565656565656566,0.6846709388668497,0.6846709388668497,0.6846709388668497,0.6940024479804161,0.6624040920716112,0.6736026111791106,0.6601791782514674,0.6692848284415047,0.6692848284415047,0.6715927750410509,0.6715927750410509,0.6715927750410509,0.6715927750410509,0.6715927750410509,0.6601791782514674,0.6601791782514674,0.6601791782514674,0.6736026111791106,0.6956168831168831,0.6956168831168831,0.6956168831168831,0.6956168831168831,0.6956168831168831,0.6874684948079444,0.6767676767676767,0.6862030569895738,0.6862030569895738,0.6862030569895738,0.6767676767676767,0.6767676767676767,0.6767676767676767,0.6862030569895738,0.6767676767676767,0.6767676767676767,0.6673051718923279,0.6673051718923279,0.6980676328502415,0.707631817723561,0.7181964573268922,0.6980676328502415,0.7085720028137874,0.7181964573268922,0.7181964573268922,0.707631817723561,0.707631817723561,0.707631817723561,0.707631817723561,0.707631817723561,0.707631817723561,0.7171717171717172,0.7171717171717172,0.7181964573268922,0.7181964573268922,0.7181964573268922,0.7181964573268922,0.7277951406391774,0.7277951406391774,0.7277951406391774,0.7277951406391774,0.7181964573268922,0.7293233082706767,0.7293233082706767,0.7293233082706767,0.7293233082706767,0.7293233082706767,0.7293233082706767,0.7293233082706767,0.7293233082706767,0.7293233082706767,0.7195512820512819,0.7195512820512819,0.7195512820512819,0.7195512820512819,0.7195512820512819,0.7195512820512819,0.7195512820512819,0.7195512820512819,0.7195512820512819,0.7195512820512819,0.7195512820512819,0.7195512820512819,0.7195512820512819,0.7195512820512819,0.7195512820512819,0.7092731829573935,0.7092731829573935,0.7189883580891208,0.7189883580891208,0.7189883580891208,0.7293233082706767,0.7297567811029928,0.7297567811029928,0.7297567811029928,0.7297567811029928,0.7297567811029928,0.7297567811029928,0.7297567811029928,0.7297567811029928,0.7297567811029928,0.7297567811029928,0.7297567811029928,0.7297567811029928,0.7297567811029928,0.7395833333333333,0.7395833333333333,0.7293233082706767,0.7395833333333333,0.7293233082706767,0.7293233082706767,0.7293233082706767,0.7293233082706767,0.7293233082706767,0.7293233082706767,0.7293233082706767,0.7293233082706767,0.7293233082706767,0.7293233082706767,0.7293233082706767,0.7293233082706767,0.7293233082706767,0.7293233082706767,0.7293233082706767,0.7293233082706767,0.7293233082706767,0.7293233082706767,0.7293233082706767,0.7293233082706767,0.7189883580891208,0.7189883580891208,0.7189883580891208,0.7189883580891208,0.7189883580891208,0.7189883580891208,0.7092731829573935,0.7092731829573935,0.7092731829573935,0.7092731829573935,0.7092731829573935,0.7092731829573935,0.7189883580891208,0.7189883580891208,0.7189883580891208,0.7189883580891208,0.7189883580891208,0.7189883580891208,0.7092731829573935,0.6892230576441103,0.6892230576441103,0.6892230576441103,0.6892230576441103,0.6892230576441103,0.6892230576441103,0.6892230576441103,0.6892230576441103,0.6892230576441103,0.6892230576441103,0.6892230576441103,0.6892230576441103,0.6892230576441103,0.6892230576441103,0.6892230576441103,0.6892230576441103,0.6892230576441103,0.6892230576441103,0.6892230576441103,0.6892230576441103,0.6892230576441103,0.6892230576441103,0.6892230576441103,0.6892230576441103,0.6892230576441103,0.6892230576441103,0.6892230576441103,0.6892230576441103,0.6892230576441103,0.6989160979526294,0.6989160979526294,0.6989160979526294,0.6989160979526294,0.6989160979526294,0.6989160979526294,0.6989160979526294,0.6989160979526294,0.6989160979526294,0.6989160979526294,0.6989160979526294,0.6989160979526294,0.6989160979526294,0.6989160979526294,0.6989160979526294,0.6989160979526294,0.6989160979526294,0.6989160979526294,0.6989160979526294,0.6989160979526294,0.7092731829573935,0.7092731829573935,0.7195512820512819,0.7195512820512819,0.7195512820512819,0.7195512820512819,0.7195512820512819,0.7195512820512819,0.7195512820512819,0.7195512820512819,0.7195512820512819,0.7195512820512819,0.7195512820512819,0.7092731829573935,0.6995192307692308,0.6995192307692308,0.6995192307692308,0.6995192307692308,0.6995192307692308,0.7097387648883995,0.7097387648883995,0.6995192307692308,0.6995192307692308,0.6995192307692308,0.6995192307692308,0.6995192307692308,0.6995192307692308,0.6995192307692308,0.6995192307692308,0.6892230576441103,0.6892230576441103,0.6995192307692308,0.6995192307692308,0.6995192307692308,0.7097387648883995,0.7097387648883995,0.7195512820512819,0.7195512820512819,0.7195512820512819,0.7195512820512819,0.7195512820512819,0.7195512820512819,0.7195512820512819,0.7195512820512819,0.7195512820512819,0.7195512820512819,0.7195512820512819,0.7195512820512819,0.7195512820512819,0.7195512820512819,0.7195512820512819,0.7195512820512819,0.7195512820512819,0.7293233082706767,0.7293233082706767,0.7293233082706767,0.7293233082706767,0.7195512820512819,0.7195512820512819,0.7195512820512819,0.7195512820512819,0.7195512820512819,0.7195512820512819,0.7195512820512819,0.7195512820512819,0.6998799519807923,0.6998799519807923,0.6998799519807923,0.6998799519807923,0.6998799519807923,0.6998799519807923,0.6998799519807923,0.6998799519807923,0.7297567811029928,0.7297567811029928,0.7297567811029928,0.7297567811029928,0.7198879551820729,0.7198879551820729,0.7198879551820729,0.7097387648883995,0.7099709970997099,0.7099709970997099,0.6998799519807923,0.7198879551820729,0.7099709970997099,0.7198879551820729,0.7198879551820729,0.6995192307692308,0.7097387648883995,0.6995192307692308,0.6995192307692308,0.6995192307692308,0.6995192307692308,0.6995192307692308,0.6995192307692308,0.7085720028137874,0.7085720028137874,0.7085720028137874,0.7085720028137874,0.7085720028137874,0.7085720028137874,0.7085720028137874,0.7085720028137874,0.7085720028137874,0.7085720028137874,0.7085720028137874,0.7085720028137874,0.7085720028137874,0.7085720028137874,0.7085720028137874,0.7085720028137874,0.7085720028137874,0.7085720028137874,0.7085720028137874,0.7085720028137874,0.7085720028137874,0.7085720028137874,0.7085720028137874,0.7085720028137874,0.7085720028137874,0.7085720028137874,0.7085720028137874,0.7085720028137874,0.7085720028137874,0.7085720028137874,0.7085720028137874,0.7189883580891208,0.7189883580891208,0.7189883580891208,0.7189883580891208,0.7092731829573935,0.7092731829573935,0.7092731829573935,0.7092731829573935,0.7092731829573935,0.7092731829573935,0.7092731829573935,0.7092731829573935,0.7085720028137874,0.7189883580891208,0.7189883580891208,0.7189883580891208,0.7189883580891208,0.7189883580891208,0.7189883580891208,0.7189883580891208,0.7189883580891208,0.7189883580891208,0.7189883580891208,0.7189883580891208,0.7189883580891208,0.7189883580891208,0.7189883580891208,0.7189883580891208,0.7189883580891208,0.7189883580891208,0.7189883580891208,0.7189883580891208,0.7189883580891208,0.7189883580891208,0.7189883580891208,0.7189883580891208,0.7189883580891208,0.7189883580891208,0.7189883580891208,0.7189883580891208,0.7189883580891208,0.7189883580891208,0.7189883580891208,0.7189883580891208,0.7189883580891208,0.7189883580891208,0.7189883580891208,0.7189883580891208,0.7189883580891208,0.7189883580891208,0.7085720028137874,0.7085720028137874,0.7085720028137874,0.7085720028137874,0.7189883580891208,0.7189883580891208,