{"allAttributes":0.7960016319869441,"bestAttributes":[0.45790463546852533,0.5242836596968691,0.5376208490962588,0.5452666391070691,0.5299529952995299,0.5182657567242072,0.48519948519948525,0.4455486975625066,0.46960424316605465,0.46350845227249726,0.5039272426622572,0.48325754443985114,0.557203171661003,0.562608076492727,0.562608076492727,0.5772946859903381,0.5584102769971899,0.5495946351716545,0.5793269230769231,0.5696126513862476,0.5784825371336814,0.568922305764411,0.5598239295718288,0.5696126513862476,0.5598239295718288,0.5075871771681237,0.537037037037037,0.5242433444680635,0.5059985885673959,0.5332792207792207,0.5219204557013528,0.5829518868884143,0.5512035903712771,0.5512035903712771,0.5647332725984411,0.595959595959596,0.6290726817042607,0.6471418489767113,0.5985547972701726,0.6161616161616161,0.6471418489767113,0.618627057406664,0.6290726817042607,0.628178072555522,0.6269785260610949,0.6673051718923279,0.6659580929243851,0.6565656565656566,0.6659580929243851,0.6956168831168831,0.6956168831168831,0.6846709388668497,0.6846709388668497,0.6736026111791106,0.6624040920716112,0.653202774377805,0.6419437340153453,0.653202774377805,0.6439833180754755,0.6328029375764994,0.6328029375764994,0.6457131288591962,0.6457131288591962,0.6659580929243851,0.6736026111791106,0.6828644501278773,0.7126436781609196,0.7126436781609196,0.7219647822057461,0.7331691297208538,0.7442455242966752,0.7219647822057461,0.7219647822057461,0.7237851662404091,0.7106242248863167,0.6875,0.6875,0.6875,0.6783898744683058,0.6875,0.6847414880201765,0.6576408341114224,0.6576408341114224,0.6666666666666667,0.6783898744683058,0.6991389148251894,0.6991389148251894,0.6991389148251894,0.6427070197562001,0.6783898744683058,0.6783898744683058,0.6783898744683058,0.6458333333333334,0.6458333333333334,0.6458333333333334,0.6576408341114224,0.6715927750410509,0.6715927750410509,0.6715927750410509,0.7083333333333333,0.7083333333333333,0.7198879551820728,0.7198879551820728,0.7198879551820728,0.6756982948007113,0.6756982948007113,0.6726850385386971,0.7175436761167486,0.7028862478777589,0.6906666666666665,0.6906666666666665,0.6906666666666665,0.6906666666666665,0.6906666666666665,0.6906666666666665,0.6782496782496782,0.687196634667242,0.687196634667242,0.687196634667242,0.6996996996996996,0.6744791666666667,0.687196634667242,0.687196634667242,0.687196634667242,0.6996996996996996,0.6996996996996996,0.7052079921388797,0.7052079921388797,0.7178819444444444,0.7012943909724527,0.7142857142857142,0.7270444371656295,0.7270444371656295,0.7270444371656295,0.7142857142857142,0.7142857142857142,0.7178819444444444,0.7052079921388797,0.7052079921388797,0.7052079921388797,0.7052079921388797,0.7052079921388797,0.7178819444444444,0.7303419264372776,0.7303419264372776,0.7303419264372776,0.7211497211497211,0.7211497211497211,0.7303419264372776,0.7052079921388797,0.7178819444444444,0.7087692805522599,0.7087692805522599,0.7087692805522599,0.7087692805522599,0.7087692805522599,0.7211497211497211,0.712,0.7488808821923791,0.7488808821923791,0.7395833333333333,0.7395833333333333,0.7303419264372776,0.7241086587436332,0.7241086587436332,0.7241086587436332,0.7241086587436332,0.7241086587436332,0.7241086587436332,0.7333333333333334,0.7333333333333334,0.7333333333333334,0.7241086587436332,0.7241086587436332,0.7028862478777589,0.712,0.6996996996996996,0.7178819444444444,0.7178819444444444,0.7178819444444444,0.7178819444444444,0.7178819444444444,0.766553480475382,0.766553480475382,0.766553480475382,0.7898276586801176,0.7898276586801176,0.7898276586801176,0.8012344387488232,0.8125,0.8108448928121059,0.8108448928121059,0.8108448928121059,0.8108448928121059,0.8108448928121059,0.8108448928121059,0.8108448928121059,0.8012344387488232,0.8236331569664903,0.8236331569664903,0.8236331569664903,0.8236331569664903,0.8236331569664903,0.8236331569664903,0.8236331569664903,0.8236331569664903,0.8346424142207525,0.8346424142207525,0.8346424142207525,0.8346424142207525,0.8443821973233738,0.8443821973233738,0.8443821973233738,0.8553121124431584,0.8553121124431584,0.8661311914323964,0.8553121124431584,0.8553121124431584,0.8553121124431584,0.8455359901143034,0.8563218390804597,0.8563218390804597,0.8465473145780051,0.8465473145780051,0.8661311914323964,0.8661311914323964,0.8661311914323964,0.8661311914323964,0.8661311914323964,0.8661311914323964,0.8661311914323964,0.8661311914323964,0.8661311914323964,0.8661311914323964,0.8661311914323964,0.8759818106655644,0.8541666666666667,0.8541666666666667,0.8541666666666667,0.8541666666666667,0.8541666666666667,0.8430798200648604,0.8430798200648604,0.8430798200648604,0.8430798200648604,0.8430798200648604,0.8430798200648604,0.8541666666666667,0.8541666666666667,0.8318621269440942,0.8430798200648604,0.8541666666666667,0.8541666666666667,0.8541666666666667,0.8541666666666667,0.8430798200648604,0.8430798200648604,0.8430798200648604,0.8640025107228789,0.8541666666666667,0.8541666666666667,0.8651312376802572,0.8759818106655644,0.8966515088879703,0.8966515088879703,0.9073215940685819,0.907928388746803,0.907928388746803,0.907928388746803,0.9178981937602627,0.9178981937602627,0.887468030690537,0.8776009791921665,0.8776009791921665,0.8776009791921665,0.8776009791921665,0.8776009791921665,0.8677652324280338,0.8782467532467533,0.8776009791921665,0.8768472906403941,0.887468030690537,0.8768472906403941,0.8768472906403941,0.8867263927504891,0.8867263927504891,0.8867263927504891,0.8867263927504891,0.8867263927504891,0.887468030690537,0.887468030690537,0.8776009791921665,0.887468030690537,0.887468030690537,0.887468030690537,0.887468030690537,0.887468030690537,0.887468030690537,0.887468030690537,0.887468030690537,0.887468030690537,0.887468030690537,0.887468030690537,0.887468030690537,0.887468030690537,0.887468030690537,0.887468030690537,0.887468030690537,0.887468030690537,0.887468030690537,0.887468030690537,0.887468030690537,0.887468030690537,0.887468030690537,0.8973727422003284,0.8973727422003284,0.887468030690537,0.887468030690537,0.887468030690537,0.887468030690537,0.887468030690537,0.887468030690537,0.898000815993472,0.907928388746803,0.907928388746803,0.8881090428237208,0.8881090428237208,0.8881090428237208,0.8881090428237208,0.8881090428237208,0.898000815993472,0.898000815993472,0.898000815993472,0.8881090428237208,0.8881090428237208,0.8881090428237208,0.8881090428237208,0.908452853219408,0.908452853219408,0.908452853219408,0.908452853219408,0.908452853219408,0.908452853219408,0.898000815993472,0.8886526976414617,0.8886526976414617,0.8886526976414617,0.8985389610389611,0.8886526976414617,0.8886526976414617,0.8689384010484928,0.8689384010484928,0.8787878787878787,0.8787878787878787,0.8782467532467533,0.8782467532467533,0.8881090428237208,0.8881090428237208,0.8881090428237208,0.8881090428237208,0.868407733576273,0.868407733576273,0.868407733576273,0.8782467532467533,0.8881090428237208,0.8782467532467533,0.8782467532467533,0.8585858585858586,0.8585858585858586,0.8585858585858586,0.8585858585858586,0.8585858585858586,0.8585858585858586,0.8487750781328762,0.8487750781328762,0.8585858585858586,0.8585858585858586,0.8585858585858586,0.8487750781328762,0.8487750781328762,0.8487750781328762,0.8487750781328762,0.8487750781328762,0.8487750781328762,0.8487750781328762,0.8487750781328762,0.8487750781328762,0.8389694041867954,0.8389694041867954,0.8389694041867954,0.8389694041867954,0.8487750781328762,0.8487750781328762,0.8487750781328762,0.8487750781328762,0.8487750781328762,0.8487750781328762,0.8487750781328762,0.8487750781328762,0.8487750781328762,0.8487750781328762,0.8487750781328762,0.8487750781328762,0.8487750781328762,0.8487750781328762,0.8487750781328762,0.8585858585858586,0.8585858585858586,0.8487750781328762,0.8590982286634461,0.8590982286634461,0.8590982286634461,0.8590982286634461,0.8590982286634461,0.8590982286634461,0.8590982286634461,0.8590982286634461,0.8492613807657521,0.8492613807657521,0.8492613807657521,0.8492613807657521,0.8389694041867954,0.8389694041867954,0.8291628982011858,0.8291628982011858,0.8291628982011858,