{"allAttributes":0.7960016319869441,"bestAttributes":[0.6683750376846548,0.6995192307692308,0.7277951406391774,0.7171717171717172,0.7085720028137874,0.7286704853783539,0.7584541062801933,0.7889659330720531,0.7889659330720531,0.7777777777777777,0.767182913250329,0.7767857142857143,0.7756017951856385,0.7647058823529411,0.7564935064935066,0.7756017951856385,0.7785829307568437,0.7785829307568437,0.7889659330720531,0.7889659330720531,0.7889659330720531,0.7992773986350863,0.7992773986350863,0.8084484323016434,0.7785829307568437,0.7889659330720531,0.8090644156366195,0.8084484323016434,0.8291628982011858,0.8291628982011858,0.8286117552172598,0.8286117552172598,0.8286117552172598,0.8181818181818182,0.7987117552334944,0.7987117552334944,0.7987117552334944,0.7889659330720531,0.7756017951856385,0.797077922077922,0.7863899908452853,0.7851662404092072,0.7960016319869441,0.7660461804495982,0.797077922077922,0.7960016319869441,0.7756017951856385,0.7863899908452853,0.7863899908452853,0.7874278773155178,0.7863899908452853,0.7863899908452853,0.7960016319869441,0.7960016319869441,0.8067338012409724,0.7742200328407225,0.7742200328407225,0.7742200328407225,0.7851662404092072,0.7742200328407225,0.7726333195535344,0.7631551848419318,0.7726333195535344,0.7726333195535344,0.7837503861600248,0.7837503861600248,0.7933030177759405,0.7933030177759405,0.8043455874781176,0.8139727159983463,0.8139727159983463,0.8043455874781176,0.8139727159983463,0.8139727159983463,0.8139727159983463,0.8139727159983463,0.8139727159983463,0.8139727159983463,0.794745484400657,0.794745484400657,0.8056265984654732,0.8357963875205254,0.8357963875205254,0.7851662404092072,0.797077922077922,0.8270776116366595,0.8376623376623377,0.8067338012409724,0.797077922077922,0.797077922077922,0.7874278773155178,0.797979797979798,0.797979797979798,0.797979797979798,0.797077922077922,0.797077922077922,0.7960016319869441,0.8173701298701299,0.8173701298701299,0.8067338012409724,0.7960016319869441,0.8067338012409724,0.8067338012409724,0.8067338012409724,0.7960016319869441,0.8067338012409724,0.8067338012409724,0.8067338012409724,0.797077922077922,0.797077922077922,0.8067338012409724,0.8067338012409724,0.8067338012409724,0.797077922077922,0.7863899908452853,0.7863899908452853,0.7960016319869441,0.7882851093860268,0.7987117552334944,0.8084484323016434,0.8076728413807066,0.8291628982011858,0.839421918908069,0.8090644156366195,0.8090644156366195,0.7863899908452853,0.7756017951856385,0.7767857142857143,0.7767857142857143,0.7660461804495982,0.7874278773155178,0.8173701298701299,0.8270776116366595,0.7960016319869441,0.7960016319869441,0.794745484400657,0.8056265984654732,0.8164014687882497,0.8056265984654732,0.7863899908452853,0.7863899908452853,0.797077922077922,0.7874278773155178,0.7874278773155178,0.7874278773155178,0.7874278773155178,0.7874278773155178,0.7874278773155178,0.7874278773155178,0.7874278773155178,0.797979797979798,0.7882851093860268,0.818840579710145,0.7987117552334944,0.7767857142857143,0.7767857142857143,0.7874278773155178,0.7874278773155178,0.797979797979798,0.8076728413807066,0.7874278773155178,0.7874278773155178,0.7660461804495982,0.7660461804495982,0.7756017951856385,0.7756017951856385,0.7960016319869441,0.7851662404092072,0.7851662404092072,0.7851662404092072,0.7851662404092072,0.7851662404092072,0.7851662404092072,0.7851662404092072,0.7960016319869441,0.7863899908452853,0.7863899908452853,0.7756017951856385,0.7874278773155178,0.797979797979798,0.7756017951856385,0.7756017951856385,0.7756017951856385,0.7756017951856385,0.7756017951856385,0.7647058823529411,0.7863899908452853,0.7863899908452853,0.7863899908452853,0.797077922077922,0.8067338012409724,0.7742200328407225,0.7742200328407225,0.7536945812807881,0.7536945812807881,0.7647058823529411,0.7647058823529411,0.7647058823529411,0.7536945812807881,0.7519636213311286,0.7726333195535344,0.7708333333333334,0.7708333333333334,0.7708333333333334,0.7708333333333334,0.7821350762527233,0.7593890574327858,0.7821350762527233,0.7933030177759405,0.7933030177759405,0.7933030177759405,0.8028841166096069,0.8028841166096069,0.8028841166096069,0.8028841166096069,0.7933030177759405,0.7933030177759405,0.7837503861600248,0.7837503861600248,0.7837503861600248,0.7837503861600248,0.7837503861600248,0.7837503861600248,0.7837503861600248,0.7742200328407225,0.7742200328407225,0.7742200328407225,0.794745484400657,0.8043455874781176,0.8043455874781176,0.7933030177759405,0.7933030177759405,0.7933030177759405,0.8152709359605911,0.8164014687882497,0.8164014687882497,0.8270776116366595,0.8270776116366595,0.8368013055895552,0.8368013055895552,0.8056265984654732,0.8164014687882497,0.8164014687882497,0.8067338012409724,0.7960016319869441,0.7960016319869441,0.7960016319869441,0.8067338012409724,0.7960016319869441,0.8067338012409724,0.8067338012409724,0.8076728413807066,0.8173701298701299,0.8173701298701299,0.8076728413807066,0.8076728413807066,0.797077922077922,0.797077922077922,0.797077922077922,0.797077922077922,0.8164014687882497,0.8164014687882497,0.826086956521739,0.826086956521739,0.826086956521739,0.826086956521739,0.8368013055895552,0.8368013055895552,0.8368013055895552,0.8368013055895552,0.8056265984654732,0.8056265984654732,0.8056265984654732,0.8164014687882497,0.8164014687882497,0.8164014687882497,0.8067338012409724,0.8067338012409724,0.8067338012409724,0.8067338012409724,0.8067338012409724,0.8067338012409724,0.8067338012409724,0.8067338012409724,0.8067338012409724,0.7960016319869441,0.8164014687882497,0.8164014687882497,0.8164014687882497,0.8270776116366595,0.8164014687882497,0.8164014687882497,0.8164014687882497,0.8056265984654732,0.8056265984654732,0.8056265984654732,0.8056265984654732,0.8056265984654732,0.8056265984654732,0.8056265984654732,0.8056265984654732,0.7960016319869441,0.7960016319869441,0.7960016319869441,0.7960016319869441,0.8067338012409724,0.7960016319869441,0.7960016319869441,0.7960016319869441,0.7960016319869441,0.7960016319869441,0.7960016319869441,0.7660461804495982,0.7756017951856385,0.7756017951856385,0.7851662404092072,0.7756017951856385,0.7756017951856385,0.7742200328407225,0.7756017951856385,0.7756017951856385,0.7647058823529411,0.7756017951856385,0.7756017951856385,0.7552019583843329,0.7552019583843329,0.7552019583843329,0.7552019583843329,0.7552019583843329,0.7552019583843329,0.7552019583843329,0.7552019583843329,0.7552019583843329,0.7552019583843329,0.7552019583843329,0.7552019583843329,0.7552019583843329,0.7552019583843329,0.7552019583843329,0.7647058823529411,0.7552019583843329,0.7552019583843329,0.7660461804495982,0.7660461804495982,0.7767857142857143,0.7767857142857143,0.7767857142857143,0.7767857142857143,0.7660461804495982,0.7660461804495982,0.7660461804495982,0.7552019583843329,0.7660461804495982,0.7756017951856385,0.7756017951856385,0.7756017951856385,0.7863899908452853,0.7863899908452853,0.7863899908452853,0.7863899908452853,0.797077922077922,0.8181818181818182,0.797077922077922,0.8067338012409724,0.797077922077922,0.7863899908452853,0.797077922077922,0.797077922077922,0.797077922077922,0.797077922077922,0.797077922077922,0.797077922077922,0.8067338012409724,0.8067338012409724,0.8067338012409724,0.8067338012409724,0.8067338012409724,0.797077922077922,0.7863899908452853,0.7863899908452853,0.7863899908452853,0.7863899908452853,0.7863899908452853,0.7863899908452853,0.7863899908452853,0.7863899908452853,0.7863899908452853,0.7863899908452853,0.7863899908452853,0.7863899908452853,0.7863899908452853,0.7863899908452853,0.7863899908452853,0.7863899908452853,0.7863899908452853,0.8076728413807066,0.8076728413807066,0.8076728413807066,0.8076728413807066,0.8076728413807066,0.8076728413807066,0.8076728413807066,0.8076728413807066,0.8076728413807066,0.8076728413807066,0.8076728413807066,0.8076728413807066,0.8076728413807066,0.8076728413807066,0.8076728413807066,0.8076728413807066,0.8076728413807066,0.797979797979798,0.7874278773155178,0.7874278773155178,0.7660461804495982,0.7767857142857143,0.7767857142857143,0.7767857142857143,0.7767857142857143,