{"allAttributes":0.7960016319869441,"bestAttributes":[0.6398559423769508,0.6398559423769508,0.6599999999999999,0.66996699669967,0.68,0.6599999999999999,0.66996699669967,0.6897207486738064,0.6892230576441103,0.6892230576441103,0.6691729323308271,0.6550324675324675,0.6471418489767113,0.6482765551200884,0.6578099838969403,0.6779388083735911,0.6779388083735911,0.6193910256410257,0.6096486838154338,0.6193910256410257,0.6394230769230769,0.6394230769230769,0.6394230769230769,0.6496847162446202,0.6394230769230769,0.6496847162446202,0.6594551282051282,0.6697027324592133,0.6594551282051282,0.6697027324592133,0.6697027324592133,0.6697027324592133,0.6697027324592133,0.6697027324592133,0.6794871794871795,0.6697027324592133,0.6699669966996697,0.6699669966996697,0.6697027324592133,0.6499649964996499,0.6398559423769508,0.6587715776796468,0.6683750376846548,0.6683750376846548,0.6683750376846548,0.6587715776796468,0.6587715776796468,0.6587715776796468,0.6587715776796468,0.6587715776796468,0.6587715776796468,0.6491228070175439,0.6587715776796468,0.6587715776796468,0.6587715776796468,0.6587715776796468,0.6587715776796468,0.6587715776796468,0.6587715776796468,0.6587715776796468,0.6683750376846548,0.6587715776796468,0.6683750376846548,0.6683750376846548,0.6683750376846548,0.6788438378161381,0.6788438378161381,0.6788438378161381,0.6788438378161381,0.6788438378161381,0.6892230576441103,0.6892230576441103,0.6892230576441103,0.6892230576441103,0.6892230576441103,0.6892230576441103,0.6892230576441103,0.6892230576441103,0.6892230576441103,0.6794871794871795,0.6794871794871795,0.6794871794871795,0.6794871794871795,0.6697027324592133,0.6697027324592133,0.6697027324592133,0.6697027324592133,0.6697027324592133,0.6794871794871795,0.6892230576441103,0.6892230576441103,0.6892230576441103,0.6892230576441103,0.6892230576441103,0.6892230576441103,0.6892230576441103,0.6892230576441103,0.6892230576441103,0.6892230576441103,0.6892230576441103,0.6788438378161381,0.6788438378161381,0.6788438378161381,0.6788438378161381,0.6788438378161381,0.6788438378161381,0.6788438378161381,0.6788438378161381,0.6683750376846548,0.6683750376846548,0.6683750376846548,0.6683750376846548,0.6683750376846548,0.6683750376846548,0.6683750376846548,0.6683750376846548,0.6683750376846548,0.6683750376846548,0.6683750376846548,0.6683750376846548,0.6683750376846548,0.6683750376846548,0.6683750376846548,0.6683750376846548,0.6683750376846548,0.6683750376846548,0.6683750376846548,0.6683750376846548,0.6683750376846548,0.6683750376846548,0.6779388083735911,0.6779388083735911,0.6779388083735911,0.6779388083735911,0.6779388083735911,0.6884735202492211,0.6884735202492211,0.6884735202492211,0.6884735202492211,0.6884735202492211,0.6884735202492211,0.6884735202492211,0.6884735202492211,0.6884735202492211,0.6884735202492211,0.6884735202492211,0.6884735202492211,0.6884735202492211,0.6884735202492211,0.6884735202492211,0.6884735202492211,0.6884735202492211,0.6884735202492211,0.6884735202492211,0.6884735202492211,0.6884735202492211,0.6884735202492211,0.6884735202492211,0.6884735202492211,0.6884735202492211,0.6884735202492211,0.6989160979526294,0.6989160979526294,0.6989160979526294,0.6989160979526294,0.6989160979526294,0.7085720028137874,0.6989160979526294,0.6989160979526294,0.7092731829573935,0.7092731829573935,0.7092731829573935,0.7092731829573935,0.7092731829573935,0.6995192307692308,0.6995192307692308,0.6995192307692308,0.6989160979526294,0.6989160979526294,0.6989160979526294,0.6884735202492211,0.6884735202492211,0.6892230576441103,0.6892230576441103,0.6892230576441103,0.6892230576441103,0.6892230576441103,0.6892230576441103,0.6892230576441103,0.6892230576441103,0.6892230576441103,0.6892230576441103,0.6892230576441103,0.6892230576441103,0.6995192307692308,0.6995192307692308,0.6995192307692308,0.6995192307692308,0.6995192307692308,0.6995192307692308,0.6995192307692308,0.6995192307692308,0.6995192307692308,0.6995192307692308,0.6995192307692308,0.7092731829573935,0.7195512820512819,0.7195512820512819,0.7195512820512819,0.7195512820512819,0.7195512820512819,0.7195512820512819,0.7195512820512819,0.7195512820512819,0.7195512820512819,0.7195512820512819,0.7195512820512819,0.7195512820512819,0.7195512820512819,0.7195512820512819,0.7195512820512819,0.7195512820512819,0.7195512820512819,0.7195512820512819,0.7195512820512819,0.7195512820512819,0.7195512820512819,0.7092731829573935,0.7092731829573935,0.7092731829573935,0.7092731829573935,0.7092731829573935,0.7092731829573935,0.7092731829573935,0.7092731829573935,0.7092731829573935,0.7092731829573935,0.7092731829573935,0.7092731829573935,0.7092731829573935,0.7092731829573935,0.7092731829573935,0.7092731829573935,0.7092731829573935,0.7092731829573935,0.7092731829573935,0.7092731829573935,0.7092731829573935,0.7189883580891208,0.7189883580891208,0.7092731829573935,0.7092731829573935,0.7189883580891208,0.7286704853783539,0.7286704853783539,0.7286704853783539,0.7286704853783539,0.7286704853783539,0.7286704853783539,0.7189883580891208,0.7189883580891208,0.7189883580891208,0.7189883580891208,0.7189883580891208,0.7189883580891208,0.7189883580891208,0.7189883580891208,0.7189883580891208,0.7189883580891208,0.7092731829573935,0.7092731829573935,0.7092731829573935,0.7092731829573935,0.7092731829573935,0.6995192307692308,0.6995192307692308,0.6995192307692308,0.7092731829573935,0.6995192307692308,0.6995192307692308,0.6897207486738064,0.6798719487795118,0.6798719487795118,0.6892230576441103,0.6892230576441103,0.6892230576441103,0.6892230576441103,0.6892230576441103,0.6892230576441103,0.6892230576441103,0.6892230576441103,0.6892230576441103,0.6892230576441103,0.6892230576441103,0.6892230576441103,0.6892230576441103,0.6892230576441103,0.6794871794871795,0.6794871794871795,0.6794871794871795,0.6794871794871795,0.6794871794871795,0.6794871794871795,0.6794871794871795,0.6794871794871795,0.6794871794871795,0.6794871794871795,0.6989160979526294,0.6989160979526294,0.6892230576441103,0.6892230576441103,0.6892230576441103,0.6794871794871795,0.6794871794871795,0.6794871794871795,0.6794871794871795,0.6794871794871795,0.6794871794871795,0.6794871794871795,0.6794871794871795,0.6794871794871795,0.6794871794871795,0.6892230576441103,0.6892230576441103,0.6892230576441103,0.6892230576441103,0.6892230576441103,0.6989160979526294,0.6989160979526294,0.6989160979526294,0.6989160979526294,0.7085720028137874,0.7085720028137874,0.7085720028137874,0.7181964573268922,0.7181964573268922,0.7181964573268922,0.7181964573268922,0.7277951406391774,0.7277951406391774,0.7277951406391774,0.7277951406391774,0.7085720028137874,0.7085720028137874,0.7085720028137874,0.7085720028137874,0.7085720028137874,0.7085720028137874,0.7181964573268922,0.7181964573268922,0.7181964573268922,0.7181964573268922,0.7181964573268922,0.7181964573268922,0.7181964573268922,0.7085720028137874,0.7085720028137874,0.7085720028137874,0.7085720028137874,0.7085720028137874,0.7085720028137874,0.7085720028137874,0.7085720028137874,0.7085720028137874,0.7085720028137874,0.7085720028137874,0.7085720028137874,0.7085720028137874,0.7085720028137874,0.7085720028137874,0.7085720028137874,0.7085720028137874,0.7085720028137874,0.7085720028137874,0.7085720028137874,0.7085720028137874,0.7092731829573935,0.7092731829573935,0.7092731829573935,0.7092731829573935,0.7092731829573935,0.7293233082706767,0.7293233082706767,0.7293233082706767,0.7293233082706767,0.7293233082706767,0.7293233082706767,0.7293233082706767,0.7293233082706767,0.7293233082706767,0.7293233082706767,0.7293233082706767,0.7293233082706767,0.7293233082706767,0.7293233082706767,0.7293233082706767,0.7293233082706767,0.7390606182256123,0.7390606182256123,0.7390606182256123,0.7390606182256123,0.7390606182256123,0.7390606182256123,0.7390606182256123,0.7390606182256123,0.7390606182256123,0.7390606182256123,0.7390606182256123,0.7487689679429204,0.7487689679429204,0.7390606182256123,0.7487689679429204,0.7487689679429204,0.7487689679429204,0.7584541062801933,0.7584541062801933,0.7584541062801933,0.7584541062801933,0.7584541062801933,