{"allAttributes":0.7960016319869441,"bestAttributes":[0.5746446726838883,0.548440065681445,0.548440065681445,0.6995192307692308,0.7584541062801933,0.7688674505074866,0.789810829746772,0.7996794871794872,0.7992773986350863,0.7987117552334944,0.7987117552334944,0.7882851093860268,0.7785829307568437,0.7785829307568437,0.7777777777777777,0.7987117552334944,0.8090644156366195,0.8090644156366195,0.8084484323016434,0.8076728413807066,0.8076728413807066,0.797979797979798,0.797979797979798,0.7785829307568437,0.797979797979798,0.7882851093860268,0.7882851093860268,0.8076728413807066,0.8173701298701299,0.8076728413807066,0.8076728413807066,0.8173701298701299,0.8067338012409724,0.8067338012409724,0.8067338012409724,0.8173701298701299,0.8173701298701299,0.8076728413807066,0.8076728413807066,0.8076728413807066,0.8270776116366595,0.8076728413807066,0.797979797979798,0.8076728413807066,0.8076728413807066,0.8076728413807066,0.8076728413807066,0.8076728413807066,0.7767857142857143,0.7767857142857143,0.7767857142857143,0.7863899908452853,0.7863899908452853,0.7863899908452853,0.7863899908452853,0.7863899908452853,0.7863899908452853,0.7863899908452853,0.7863899908452853,0.7863899908452853,0.7863899908452853,0.8056265984654732,0.8056265984654732,0.8056265984654732,0.8056265984654732,0.7960016319869441,0.8067338012409724,0.8173701298701299,0.8173701298701299,0.8173701298701299,0.8076728413807066,0.8076728413807066,0.7863899908452853,0.7863899908452853,0.7960016319869441,0.7960016319869441,0.8067338012409724,0.8067338012409724,0.8067338012409724,0.8067338012409724,0.8067338012409724,0.8067338012409724,0.8067338012409724,0.8067338012409724,0.8067338012409724,0.8173701298701299,0.8173701298701299,0.8173701298701299,0.8173701298701299,0.8173701298701299,0.8173701298701299,0.8173701298701299,0.8173701298701299,0.8173701298701299,0.8173701298701299,0.8173701298701299,0.8173701298701299,0.8173701298701299,0.8173701298701299,0.8173701298701299,0.8173701298701299,0.8173701298701299,0.8173701298701299,0.8173701298701299,0.8173701298701299,0.8173701298701299,0.8173701298701299,0.8173701298701299,0.8173701298701299,0.8270776116366595,0.8270776116366595,0.8270776116366595,0.8173701298701299,0.8173701298701299,0.8173701298701299,0.8173701298701299,0.8173701298701299,0.8076728413807066,0.8173701298701299,0.8173701298701299,0.8076728413807066,0.8076728413807066,0.8076728413807066,0.8076728413807066,0.8076728413807066,0.8076728413807066,0.8173701298701299,0.8173701298701299,0.8173701298701299,0.8173701298701299,0.8076728413807066,0.8076728413807066,0.8076728413807066,0.8076728413807066,0.8076728413807066,0.8076728413807066,0.8076728413807066,0.8173701298701299,0.8173701298701299,0.8173701298701299,0.8173701298701299,0.8173701298701299,0.8173701298701299,0.8173701298701299,0.8173701298701299,0.8173701298701299,0.8173701298701299,0.8173701298701299,0.8173701298701299,0.8173701298701299,0.8173701298701299,0.8173701298701299,0.8173701298701299,0.8173701298701299,0.8173701298701299,0.8173701298701299,0.8173701298701299,0.8173701298701299,0.8173701298701299,0.8173701298701299,0.8173701298701299,0.8076728413807066,0.8076728413807066,0.8076728413807066,0.8076728413807066,0.8076728413807066,0.8076728413807066,0.797979797979798,0.797979797979798,0.797979797979798,0.8076728413807066,0.8173701298701299,0.8173701298701299,0.8173701298701299,0.8076728413807066,0.8076728413807066,0.8076728413807066,0.8076728413807066,0.8076728413807066,0.8181818181818182,0.8084484323016434,0.8181818181818182,0.8084484323016434,0.8084484323016434,0.8084484323016434,0.8084484323016434,0.8084484323016434,0.8181818181818182,0.8181818181818182,0.8181818181818182,0.8181818181818182,0.8181818181818182,0.8181818181818182,0.8181818181818182,0.8181818181818182,0.8181818181818182,0.8181818181818182,0.8181818181818182,0.8181818181818182,0.8181818181818182,0.8181818181818182,0.8084484323016434,0.8181818181818182,0.8181818181818182,0.8084484323016434,0.7987117552334944,0.7987117552334944,0.7987117552334944,0.7987117552334944,0.7987117552334944,0.8084484323016434,0.8084484323016434,0.8084484323016434,0.8084484323016434,0.8084484323016434,0.8084484323016434,0.7987117552334944,0.7987117552334944,0.8084484323016434,0.7987117552334944,0.8084484323016434,0.8084484323016434,0.8084484323016434,0.8084484323016434,0.8084484323016434,0.8084484323016434,0.8181818181818182,0.8181818181818182,0.8181818181818182,0.8181818181818182,0.8181818181818182,0.8181818181818182,0.8181818181818182,0.8181818181818182,0.8181818181818182,0.8181818181818182,0.8181818181818182,0.8181818181818182,0.8181818181818182,0.8181818181818182,0.8181818181818182,0.8279178054458953,0.8279178054458953,0.8279178054458953,0.8279178054458953,0.8279178054458953,0.8376623376623377,0.8376623376623377,0.8376623376623377,0.8376623376623377,0.8376623376623377,0.8279178054458953,0.8181818181818182,0.8181818181818182,0.8181818181818182,0.8181818181818182,0.8279178054458953,0.8279178054458953,0.8279178054458953,0.8181818181818182,0.8279178054458953,0.8181818181818182,0.8279178054458953,0.8279178054458953,0.8279178054458953,0.8181818181818182,0.8376623376623377,0.8279178054458953,0.8279178054458953,0.8279178054458953,0.8279178054458953,0.8279178054458953,0.8279178054458953,0.8376623376623377,0.8368013055895552,0.826086956521739,0.826086956521739,0.826086956521739,0.826086956521739,0.826086956521739,0.826086956521739,0.826086956521739,0.826086956521739,0.826086956521739,0.826086956521739,0.826086956521739,0.826086956521739,0.826086956521739,0.826086956521739,0.826086956521739,0.826086956521739,0.826086956521739,0.826086956521739,0.826086956521739,0.826086956521739,0.826086956521739,0.826086956521739,0.826086956521739,0.826086956521739,0.826086956521739,0.826086956521739,0.826086956521739,0.8357963875205254,0.8357963875205254,0.826086956521739,0.826086956521739,0.826086956521739,0.826086956521739,0.826086956521739,0.826086956521739,0.826086956521739,0.826086956521739,0.826086956521739,0.8164014687882497,0.8164014687882497,0.8067338012409724,0.8067338012409724,0.8067338012409724,0.8067338012409724,0.8067338012409724,0.797077922077922,0.8067338012409724,0.8067338012409724,0.8067338012409724,0.7960016319869441,0.8043455874781176,0.8043455874781176,0.8043455874781176,0.8043455874781176,0.8043455874781176,0.8043455874781176,0.8043455874781176,0.8043455874781176,0.8043455874781176,0.8043455874781176,0.8043455874781176,0.7933030177759405,0.8152709359605911,0.8152709359605911,0.8152709359605911,0.8152709359605911,0.8152709359605911,0.8152709359605911,0.8152709359605911,0.8152709359605911,0.8152709359605911,0.8152709359605911,0.8152709359605911,0.8152709359605911,0.8152709359605911,0.8249407887962105,0.8249407887962105,0.8249407887962105,0.8249407887962105,0.8249407887962105,0.8249407887962105,0.8249407887962105,0.8249407887962105,0.8249407887962105,0.8249407887962105,0.8249407887962105,0.8249407887962105,0.8249407887962105,0.8249407887962105,0.8249407887962105,0.8249407887962105,0.8249407887962105,0.8249407887962105,0.8249407887962105,0.8249407887962105,0.8152709359605911,0.8152709359605911,0.8152709359605911,0.8152709359605911,0.8152709359605911,0.8152709359605911,0.8152709359605911,0.8152709359605911,0.8152709359605911,0.8152709359605911,0.8152709359605911,0.8152709359605911,0.8152709359605911,0.8152709359605911,0.8152709359605911,0.8152709359605911,0.8152709359605911,0.8152709359605911,0.8152709359605911,0.8152709359605911,0.8152709359605911,0.8152709359605911,0.8152709359605911,0.8152709359605911,0.8249407887962105,0.8249407887962105,0.8249407887962105,0.8139727159983463,0.8139727159983463,0.8139727159983463,0.8139727159983463,0.8139727159983463,0.8139727159983463,0.8139727159983463,0.8139727159983463,0.8139727159983463,0.8139727159983463,0.8139727159983463,0.8139727159983463,0.8139727159983463,0.8139727159983463,0.8139727159983463,0.8139727159983463,0.8139727159983463,0.8139727159983463,0.8139727159983463,0.8139727159983463,0.8139727159983463,0.8028841166096069,0.8028841166096069,