{"allAttributes":0.6510673234811166,"bestAttributes":[0.6439833180754755,0.6236395076797885,0.6659580929243851,0.6659580929243851,0.6659580929243851,0.6659580929243851,0.6659580929243851,0.6659580929243851,0.6659580929243851,0.6659580929243851,0.6659580929243851,0.70997099709971,0.7198879551820727,0.70997099709971,0.70997099709971,0.6998799519807923,0.6998799519807923,0.6052232007288187,0.6052232007288187,0.6052232007288187,0.6052232007288187,0.595959595959596,0.595959595959596,0.5746446726838883,0.5746446726838883,0.5746446726838883,0.557203171661003,0.557203171661003,0.557203171661003,0.557203171661003,0.557203171661003,0.557203171661003,0.557203171661003,0.557203171661003,0.557203171661003,0.557203171661003,0.614448051948052,0.614448051948052,0.614448051948052,0.614448051948052,0.614448051948052,0.614448051948052,0.614448051948052,0.614448051948052,0.614448051948052,0.614448051948052,0.6236395076797884,0.6236395076797884,0.6236395076797884,0.6236395076797884,0.6236395076797884,0.6236395076797884,0.6236395076797884,0.6236395076797884,0.6236395076797884,0.6236395076797884,0.6236395076797884,0.6236395076797884,0.6236395076797884,0.6236395076797884,0.6236395076797884,0.6236395076797884,0.6236395076797884,0.6236395076797884,0.6236395076797884,0.6236395076797884,0.6236395076797884,0.6236395076797884,0.6236395076797884,0.6236395076797884,0.6236395076797884,0.6236395076797884,0.6236395076797884,0.6214833759590792,0.6328029375764994,0.6328029375764994,0.6328029375764994,0.6328029375764994,0.6328029375764994,0.6328029375764994,0.6328029375764994,0.6328029375764994,0.6305418719211822,0.6305418719211822,0.6305418719211822,0.6305418719211822,0.6305418719211822,0.6305418719211822,0.6305418719211822,0.6305418719211822,0.6305418719211822,0.6305418719211822,0.6305418719211822,0.6305418719211822,0.6305418719211822,0.6305418719211822,0.6305418719211822,0.6305418719211822,0.6305418719211822,0.6305418719211822,0.6305418719211822,0.6305418719211822,0.6305418719211822,0.6305418719211822,0.6305418719211822,0.6305418719211822,0.6305418719211822,0.6305418719211822,0.6305418719211822,0.6305418719211822,0.6305418719211822,0.6305418719211822,0.6305418719211822,0.6305418719211822,0.6305418719211822,0.6305418719211822,0.6305418719211822,0.6305418719211822,0.6305418719211822,0.6305418719211822,0.6305418719211822,0.6305418719211822,0.6305418719211822,0.6305418719211822,0.6305418719211822,0.6305418719211822,0.6305418719211822,0.6305418719211822,0.6305418719211822,0.6305418719211822,0.6305418719211822,0.6305418719211822,0.6305418719211822,0.6305418719211822,0.6305418719211822,0.6305418719211822,0.6305418719211822,0.6305418719211822,0.6305418719211822,0.6305418719211822,0.6305418719211822,0.6305418719211822,0.6305418719211822,0.6305418719211822,0.6305418719211822,0.6305418719211822,0.6305418719211822,0.6305418719211822,0.6305418719211822,0.6305418719211822,0.6305418719211822,0.6305418719211822,0.6305418719211822,0.6305418719211822,0.6305418719211822,0.6305418719211822,0.6305418719211822,0.6305418719211822,0.6305418719211822,0.6305418719211822,0.6305418719211822,0.6305418719211822,0.6305418719211822,0.6305418719211822,0.6305418719211822,0.6305418719211822,0.6305418719211822,0.6305418719211822,0.6305418719211822,0.6305418719211822,0.6305418719211822,0.6305418719211822,0.6305418719211822,0.6305418719211822,0.6305418719211822,0.6305418719211822,0.6305418719211822,0.6305418719211822,0.6305418719211822,0.6305418719211822,0.6305418719211822,0.6305418719211822,0.6305418719211822,0.6305418719211822,0.6305418719211822,0.6305418719211822,0.6305418719211822,0.6305418719211822,0.6305418719211822,0.6305418719211822,0.6305418719211822,0.6305418719211822,0.6305418719211822,0.6305418719211822,0.6305418719211822,0.6305418719211822,0.6305418719211822,0.6305418719211822,0.6305418719211822,0.6305418719211822,0.6305418719211822,0.6305418719211822,0.6305418719211822,0.6305418719211822,0.6305418719211822,0.6305418719211822,0.6305418719211822,0.6305418719211822,0.6305418719211822,0.6305418719211822,0.6305418719211822,0.6305418719211822,0.6305418719211822,0.6305418719211822,0.6305418719211822,0.6305418719211822,0.6305418719211822,0.6305418719211822,0.6305418719211822,0.6305418719211822,0.6305418719211822,0.6305418719211822,0.6305418719211822,0.6305418719211822,0.6305418719211822,0.6305418719211822,0.6305418719211822,0.6305418719211822,0.6305418719211822,0.6305418719211822,0.6305418719211822,0.6305418719211822,0.6305418719211822,0.6305418719211822,0.6305418719211822,0.6305418719211822,0.6305418719211822,0.6305418719211822,0.6305418719211822,0.6305418719211822,0.6305418719211822,0.6305418719211822,0.6305418719211822,0.6305418719211822,0.6305418719211822,0.6305418719211822,0.6305418719211822,0.6305418719211822,0.6305418719211822,0.6305418719211822,0.6305418719211822,0.6305418719211822,0.6305418719211822,0.6305418719211822,0.6305418719211822,0.6305418719211822,0.6305418719211822,0.6305418719211822,0.6305418719211822,0.6305418719211822,0.6305418719211822,0.6305418719211822,0.6305418719211822,0.6305418719211822,0.6305418719211822,0.6305418719211822,0.6305418719211822,0.6305418719211822,0.6305418719211822,0.6305418719211822,0.6305418719211822,0.6305418719211822,0.6305418719211822,0.6305418719211822,0.6305418719211822,0.6305418719211822,0.6305418719211822,0.6305418719211822,0.6305418719211822,0.6305418719211822,0.625,0.625,0.625,0.6266666666666667,0.6266666666666667,0.6266666666666667,0.6266666666666667,0.6266666666666667,0.6266666666666667,0.6266666666666667,0.6266666666666667,0.6266666666666667,0.6266666666666667,0.6266666666666667,0.6266666666666667,0.6266666666666667,0.6266666666666667,0.6266666666666667,0.6266666666666667,0.6266666666666667,0.6266666666666667,0.6266666666666667,0.6266666666666667,0.6266666666666667,0.6266666666666667,0.6266666666666667,0.6266666666666667,0.6266666666666667,0.6266666666666667,0.6310763888888888,0.6310763888888888,0.6310763888888888,0.6310763888888888,0.6310763888888888,0.6310763888888888,0.6310763888888888,0.6310763888888888,0.6310763888888888,0.6310763888888888,0.6310763888888888,0.6310763888888888,0.6310763888888888,0.6310763888888888,0.6310763888888888,0.6310763888888888,0.6310763888888888,0.6310763888888888,0.6310763888888888,0.6310763888888888,0.6310763888888888,0.6310763888888888,0.5741893219783819,0.5741893219783819,0.5741893219783819,0.5741893219783819,0.5741893219783819,0.5741893219783819,0.5741893219783819,0.5741893219783819,0.5741893219783819,0.5741893219783819,0.5741893219783819,0.5741893219783819,0.5741893219783819,0.5741893219783819,0.5741893219783819,0.5741893219783819,0.5741893219783819,0.5741893219783819,0.5741893219783819,0.5741893219783819,0.5741893219783819,0.5741893219783819,0.5741893219783819,0.5741893219783819,0.5741893219783819,0.5741893219783819,0.5741893219783819,0.5741893219783819,0.5741893219783819,0.5741893219783819,0.5741893219783819,0.5741893219783819,0.5741893219783819,0.5741893219783819,0.5741893219783819,0.5741893219783819,0.5741893219783819,0.5741893219783819,0.5741893219783819,0.5741893219783819,0.5741893219783819,0.5741893219783819,0.5741893219783819,0.5741893219783819,0.5741893219783819,0.5741893219783819,0.5741893219783819,0.5741893219783819,0.5741893219783819,0.5741893219783819,0.5741893219783819,0.5741893219783819,0.5741893219783819,0.5741893219783819,0.5741893219783819,0.5741893219783819,0.5741893219783819,0.5741893219783819,0.5741893219783819,0.5741893219783819,0.5741893219783819,0.5741893219783819,0.5741893219783819,0.5741893219783819,0.5741893219783819,0.5741893219783819,0.5741893219783819,0.5741893219783819,0.5741893219783819,0.5741893219783819,0.5741893219783819,0.5741893219783819,0.5741893219783819,0.5741893219783819,0.5741893219783819,0.5741893219783819,0.5741893219783819,0.5741893219783819,0.5741893219783819,0.5741893219783819,0.5741893219783819,0.5741893219783819,0.5741893219783819,0.5741893219783819,0.5741893219783819,0.5741893219783819,0.5741893219783819,0.5741893219783819,0.5741893219783819,0.5741893219783819,