{"allAttributes":0.6510673234811166,"bestAttributes":[0.6624040920716112,0.6624040920716112,0.6897207486738064,0.7189883580891208,0.72997299729973,0.7200000000000001,0.7200000000000001,0.7398959583833533,0.7398959583833533,0.72997299729973,0.72997299729973,0.72997299729973,0.7487689679429204,0.6807743795695603,0.6807743795695603,0.6807743795695603,0.7286704853783539,0.7286704853783539,0.7286704853783539,0.7286704853783539,0.7286704853783539,0.7286704853783539,0.7286704853783539,0.7286704853783539,0.7286704853783539,0.7286704853783539,0.7286704853783539,0.7286704853783539,0.7286704853783539,0.7286704853783539,0.7286704853783539,0.7286704853783539,0.7286704853783539,0.7286704853783539,0.7286704853783539,0.7286704853783539,0.7293233082706767,0.7293233082706767,0.7469379491851402,0.7469379491851402,0.7469379491851402,0.7469379491851402,0.7575757575757576,0.7575757575757576,0.7575757575757576,0.7575757575757576,0.7575757575757576,0.7575757575757576,0.7575757575757576,0.7575757575757576,0.6347402597402598,0.6347402597402598,0.7591328783621035,0.7591328783621035,0.7591328783621035,0.7591328783621035,0.7591328783621035,0.6715927750410509,0.6715927750410509,0.6715927750410509,0.6715927750410509,0.6715927750410509,0.6715927750410509,0.6715927750410509,0.6715927750410509,0.6715927750410509,0.6715927750410509,0.6715927750410509,0.6715927750410509,0.6715927750410509,0.6715927750410509,0.6715927750410509,0.6715927750410509,0.6715927750410509,0.6715927750410509,0.6715927750410509,0.6715927750410509,0.6643271284711627,0.6643271284711627,0.6643271284711627,0.6643271284711627,0.6956168831168831,0.6956168831168831,0.6956168831168831,0.6956168831168831,0.6956168831168831,0.6956168831168831,0.6956168831168831,0.6956168831168831,0.6956168831168831,0.6956168831168831,0.6956168831168831,0.6956168831168831,0.6956168831168831,0.6956168831168831,0.6956168831168831,0.6956168831168831,0.6956168831168831,0.6578099838969403,0.6578099838969403,0.6578099838969403,0.6578099838969403,0.6578099838969403,0.6578099838969403,0.6578099838969403,0.6578099838969403,0.6578099838969403,0.6578099838969403,0.6578099838969403,0.6578099838969403,0.6828644501278773,0.6828644501278773,0.6828644501278773,0.6828644501278773,0.6828644501278773,0.6828644501278773,0.6828644501278773,0.6828644501278773,0.6828644501278773,0.6828644501278773,0.6828644501278773,0.6828644501278773,0.6828644501278773,0.6828644501278773,0.6828644501278773,0.6828644501278773,0.6828644501278773,0.6828644501278773,0.6828644501278773,0.6828644501278773,0.6828644501278773,0.6828644501278773,0.6828644501278773,0.6828644501278773,0.6828644501278773,0.6828644501278773,0.6846709388668497,0.6846709388668497,0.6846709388668497,0.6846709388668497,0.6846709388668497,0.6846709388668497,0.6846709388668497,0.6846709388668497,0.6846709388668497,0.6846709388668497,0.6846709388668497,0.6846709388668497,0.6846709388668497,0.6846709388668497,0.6846709388668497,0.6846709388668497,0.6846709388668497,0.6846709388668497,0.6846709388668497,0.6846709388668497,0.6846709388668497,0.6846709388668497,0.6846709388668497,0.6846709388668497,0.6846709388668497,0.6846709388668497,0.6846709388668497,0.6846709388668497,0.6846709388668497,0.6846709388668497,0.6846709388668497,0.6846709388668497,0.6846709388668497,0.6846709388668497,0.6846709388668497,0.6846709388668497,0.6846709388668497,0.6846709388668497,0.6846709388668497,0.6846709388668497,0.6846709388668497,0.6846709388668497,0.6846709388668497,0.6846709388668497,0.6846709388668497,0.6846709388668497,0.6846709388668497,0.6846709388668497,0.6846709388668497,0.6846709388668497,0.6846709388668497,0.6846709388668497,0.6846709388668497,0.6846709388668497,0.6846709388668497,0.6846709388668497,0.6874684948079444,0.6874684948079444,0.6874684948079444,0.6874684948079444,0.6874684948079444,0.6874684948079444,0.6874684948079444,0.6874684948079444,0.6874684948079444,0.6874684948079444,0.6874684948079444,0.6874684948079444,0.6874684948079444,0.6874684948079444,0.6874684948079444,0.6874684948079444,0.6874684948079444,0.6874684948079444,0.6874684948079444,0.6874684948079444,0.6874684948079444,0.6874684948079444,0.6874684948079444,0.6874684948079444,0.6874684948079444,0.6874684948079444,0.6874684948079444,0.6874684948079444,0.6874684948079444,0.6874684948079444,0.6874684948079444,0.6874684948079444,0.6874684948079444,0.6874684948079444,0.6874684948079444,0.6874684948079444,0.6874684948079444,0.6874684948079444,0.6874684948079444,0.6874684948079444,0.6874684948079444,0.6874684948079444,0.6874684948079444,0.6874684948079444,0.6874684948079444,0.6874684948079444,0.6874684948079444,0.696969696969697,0.696969696969697,0.696969696969697,0.696969696969697,0.696969696969697,0.696969696969697,0.696969696969697,0.696969696969697,0.696969696969697,0.696969696969697,0.696969696969697,0.696969696969697,0.696969696969697,0.696969696969697,0.696969696969697,0.696969696969697,0.696969696969697,0.696969696969697,0.696969696969697,0.696969696969697,0.696969696969697,0.696969696969697,0.696969696969697,0.696969696969697,0.696969696969697,0.696969696969697,0.696969696969697,0.696969696969697,0.696969696969697,0.696969696969697,0.696969696969697,0.696969696969697,0.696969696969697,0.696969696969697,0.696969696969697,0.696969696969697,0.696969696969697,0.696969696969697,0.696969696969697,0.696969696969697,0.696969696969697,0.696969696969697,0.696969696969697,0.696969696969697,0.696969696969697,0.696969696969697,0.696969696969697,0.696969696969697,0.696969696969697,0.696969696969697,0.696969696969697,0.696969696969697,0.696969696969697,0.696969696969697,0.696969696969697,0.696969696969697,0.696969696969697,0.696969696969697,0.696969696969697,0.696969696969697,0.696969696969697,0.696969696969697,0.696969696969697,0.696969696969697,0.696969696969697,0.696969696969697,0.696969696969697,0.696969696969697,0.696969696969697,0.696969696969697,0.696969696969697,0.696969696969697,0.696969696969697,0.696969696969697,0.696969696969697,0.696969696969697,0.696969696969697,0.696969696969697,0.7064480210547626,0.7064480210547626,0.7064480210547626,0.7064480210547626,0.7064480210547626,0.7064480210547626,0.7064480210547626,0.7064480210547626,0.7159090909090908,0.7159090909090908,0.7159090909090908,0.6956168831168831,0.6956168831168831,0.6956168831168831,0.6956168831168831,0.6956168831168831,0.6956168831168831,0.6956168831168831,0.6956168831168831,0.6956168831168831,0.6956168831168831,0.6956168831168831,0.6956168831168831,0.6956168831168831,0.6956168831168831,0.6956168831168831,0.6956168831168831,0.6956168831168831,0.6956168831168831,0.6956168831168831,0.6956168831168831,0.6956168831168831,0.6956168831168831,0.6956168831168831,0.6956168831168831,0.6956168831168831,0.6956168831168831,0.6956168831168831,0.6956168831168831,0.6956168831168831,0.6956168831168831,0.6956168831168831,0.6956168831168831,0.6956168831168831,0.6956168831168831,0.6956168831168831,0.6956168831168831,0.6956168831168831,0.6956168831168831,0.6956168831168831,0.6956168831168831,0.6956168831168831,0.6956168831168831,0.6956168831168831,0.6956168831168831,0.6956168831168831,0.6956168831168831,0.6956168831168831,0.6956168831168831,0.6956168831168831,0.6897207486738064,0.6897207486738064,0.6897207486738064,0.6897207486738064,0.6897207486738064,0.6897207486738064,0.6897207486738064,0.6897207486738064,0.6897207486738064,0.6897207486738064,0.6897207486738064,0.6897207486738064,0.6897207486738064,0.6897207486738064,0.6897207486738064,0.6897207486738064,0.6897207486738064,0.6897207486738064,0.6897207486738064,0.6897207486738064,0.6897207486738064,0.6897207486738064,0.6897207486738064,0.6897207486738064,0.6897207486738064,0.6897207486738064,0.6897207486738064,0.6892230576441103,0.6892230576441103,0.6892230576441103,0.6892230576441103,0.6892230576441103,0.6892230576441103,0.6892230576441103,0.6892230576441103,0.6892230576441103,0.6892230576441103,0.6892230576441103,0.6892230576441103,0.6892230576441103,0.6892230576441103,0.6892230576441103,0.6892230576441103,0.6892230576441103,0.6892230576441103,