{"allAttributes":0.6510673234811166,"bestAttributes":[0.6659580929243851,0.6439833180754755,0.6439833180754755,0.6439833180754755,0.6236395076797885,0.6659580929243851,0.6659580929243851,0.6995192307692308,0.6995192307692308,0.74997499749975,0.74997499749975,0.74997499749975,0.74997499749975,0.7085720028137876,0.7085720028137876,0.7085720028137876,0.7195512820512819,0.7195512820512819,0.7195512820512819,0.7195512820512819,0.74,0.74,0.74,0.74,0.74,0.74,0.74,0.74,0.74,0.74,0.74,0.74,0.74,0.74,0.74,0.74,0.74,0.74,0.74,0.74,0.74,0.74,0.74,0.74,0.74,0.74,0.74,0.74,0.74,0.74,0.74,0.74,0.74,0.74,0.74,0.74,0.74,0.74,0.74,0.74,0.74,0.74,0.74,0.74,0.74,0.74,0.74,0.74,0.74,0.74,0.74,0.74,0.74,0.74,0.74,0.74,0.7099709970997099,0.7099709970997099,0.7099709970997099,0.7099709970997099,0.7099709970997099,0.7099709970997099,0.7099709970997099,0.7099709970997099,0.7099709970997099,0.7099709970997099,0.7099709970997099,0.7099709970997099,0.7099709970997099,0.7099709970997099,0.7099709970997099,0.7099709970997099,0.7099709970997099,0.7099709970997099,0.7099709970997099,0.7099709970997099,0.7099709970997099,0.7099709970997099,0.7099709970997099,0.7099709970997099,0.7099709970997099,0.6419437340153453,0.6419437340153453,0.6419437340153453,0.6419437340153453,0.653202774377805,0.653202774377805,0.653202774377805,0.653202774377805,0.653202774377805,0.653202774377805,0.653202774377805,0.653202774377805,0.653202774377805,0.653202774377805,0.653202774377805,0.653202774377805,0.653202774377805,0.653202774377805,0.653202774377805,0.6305418719211822,0.6305418719211822,0.6305418719211822,0.6305418719211822,0.6305418719211822,0.6305418719211822,0.6305418719211822,0.6305418719211822,0.6305418719211822,0.6305418719211822,0.6305418719211822,0.6305418719211822,0.6305418719211822,0.6305418719211822,0.6305418719211822,0.6305418719211822,0.6305418719211822,0.6305418719211822,0.6305418719211822,0.6305418719211822,0.6305418719211822,0.6305418719211822,0.6305418719211822,0.6305418719211822,0.6305418719211822,0.6305418719211822,0.6305418719211822,0.6305418719211822,0.6305418719211822,0.6305418719211822,0.6305418719211822,0.6305418719211822,0.653202774377805,0.653202774377805,0.653202774377805,0.653202774377805,0.653202774377805,0.653202774377805,0.653202774377805,0.653202774377805,0.653202774377805,0.653202774377805,0.653202774377805,0.653202774377805,0.653202774377805,0.653202774377805,0.653202774377805,0.653202774377805,0.6395839769333744,0.6395839769333744,0.6395839769333744,0.6395839769333744,0.6395839769333744,0.6395839769333744,0.6395839769333744,0.6395839769333744,0.6395839769333744,0.6395839769333744,0.6395839769333744,0.6395839769333744,0.6395839769333744,0.6395839769333744,0.6395839769333744,0.6395839769333744,0.6395839769333744,0.6395839769333744,0.6395839769333744,0.6395839769333744,0.6395839769333744,0.6395839769333744,0.6395839769333744,0.6395839769333744,0.6395839769333744,0.6395839769333744,0.6395839769333744,0.6395839769333744,0.6395839769333744,0.6395839769333744,0.6395839769333744,0.6395839769333744,0.6395839769333744,0.6395839769333744,0.6395839769333744,0.6395839769333744,0.6395839769333744,0.6395839769333744,0.6395839769333744,0.6395839769333744,0.6395839769333744,0.6395839769333744,0.6395839769333744,0.6395839769333744,0.6395839769333744,0.6395839769333744,0.6395839769333744,0.6395839769333744,0.6395839769333744,0.6395839769333744,0.6395839769333744,0.6395839769333744,0.6395839769333744,0.6395839769333744,0.6395839769333744,0.6395839769333744,0.6395839769333744,0.6395839769333744,0.6395839769333744,0.6395839769333744,0.6395839769333744,0.6395839769333744,0.6395839769333744,0.6395839769333744,0.6395839769333744,0.6395839769333744,0.6395839769333744,0.6395839769333744,0.6395839769333744,0.6395839769333744,0.6395839769333744,0.6395839769333744,0.6395839769333744,0.6395839769333744,0.6395839769333744,0.6395839769333744,0.6395839769333744,0.6395839769333744,0.6395839769333744,0.6395839769333744,0.6395839769333744,0.6395839769333744,0.6395839769333744,0.6395839769333744,0.6395839769333744,0.6395839769333744,0.6395839769333744,0.6395839769333744,0.6395839769333744,0.6395839769333744,0.6395839769333744,0.6395839769333744,0.6395839769333744,0.6395839769333744,0.6395839769333744,0.6395839769333744,0.6395839769333744,0.6395839769333744,0.6395839769333744,0.6395839769333744,0.6395839769333744,0.6395839769333744,0.6395839769333744,0.6395839769333744,0.6395839769333744,0.6395839769333744,0.6395839769333744,0.6395839769333744,0.6395839769333744,0.6395839769333744,0.6395839769333744,0.6395839769333744,0.6395839769333744,0.6395839769333744,0.6395839769333744,0.6395839769333744,0.6395839769333744,0.6395839769333744,0.6395839769333744,0.6395839769333744,0.6395839769333744,0.6395839769333744,0.6395839769333744,0.6395839769333744,0.6395839769333744,0.6395839769333744,0.6395839769333744,0.6395839769333744,0.6395839769333744,0.6395839769333744,0.6395839769333744,0.6395839769333744,0.6395839769333744,0.6395839769333744,0.6395839769333744,0.6395839769333744,0.6395839769333744,0.6395839769333744,0.6395839769333744,0.6395839769333744,0.6395839769333744,0.6395839769333744,0.6395839769333744,0.6395839769333744,0.6395839769333744,0.6395839769333744,0.6395839769333744,0.6395839769333744,0.6395839769333744,0.6395839769333744,0.6395839769333744,0.6395839769333744,0.6395839769333744,0.6395839769333744,0.6395839769333744,0.6395839769333744,0.6395839769333744,0.6395839769333744,0.6395839769333744,0.6395839769333744,0.6395839769333744,0.6395839769333744,0.6395839769333744,0.6395839769333744,0.6395839769333744,0.6395839769333744,0.6395839769333744,0.6395839769333744,0.6395839769333744,0.6395839769333744,0.6395839769333744,0.6395839769333744,0.6395839769333744,0.6395839769333744,0.6395839769333744,0.6395839769333744,0.6395839769333744,0.6395839769333744,0.6395839769333744,0.6395839769333744,0.6395839769333744,0.6395839769333744,0.6395839769333744,0.6395839769333744,0.6395839769333744,0.6395839769333744,0.6395839769333744,0.6395839769333744,0.6395839769333744,0.6395839769333744,0.6395839769333744,0.6395839769333744,0.6395839769333744,0.6395839769333744,0.6395839769333744,0.6395839769333744,0.6395839769333744,0.6395839769333744,0.6395839769333744,0.6395839769333744,0.6395839769333744,0.6395839769333744,0.6395839769333744,0.6395839769333744,0.6395839769333744,0.6395839769333744,0.6395839769333744,0.6395839769333744,0.6395839769333744,0.6395839769333744,0.6395839769333744,0.6395839769333744,0.6395839769333744,0.6395839769333744,0.6395839769333744,0.6395839769333744,0.6395839769333744,0.6395839769333744,0.6395839769333744,0.6395839769333744,0.6395839769333744,0.6395839769333744,0.6395839769333744,0.6395839769333744,0.6395839769333744,0.6395839769333744,0.6395839769333744,0.6395839769333744,0.6395839769333744,0.6395839769333744,0.6395839769333744,0.6395839769333744,0.6395839769333744,0.6395839769333744,0.6395839769333744,0.6395839769333744,0.6395839769333744,0.6395839769333744,0.6395839769333744,0.6395839769333744,0.6395839769333744,0.6395839769333744,0.6395839769333744,0.6395839769333744,0.6395839769333744,0.6395839769333744,0.6395839769333744,0.6395839769333744,0.6395839769333744,0.6395839769333744,0.6395839769333744,0.6395839769333744,0.6395839769333744,0.6395839769333744,0.6395839769333744,0.6395839769333744,0.6395839769333744,0.6395839769333744,0.6395839769333744,0.6395839769333744,0.6395839769333744,0.6395839769333744,0.6395839769333744,0.6395839769333744,0.6395839769333744,0.6395839769333744,0.6395839769333744,0.6395839769333744,0.6395839769333744,0.6395839769333744,0.6395839769333744,0.6395839769333744,0.6395839769333744,0.6395839769333744,0.6129302228266555,0.6129302228266555,0.6129302228266555,0.6129302228266555,0.6129302228266555,0.6129302228266555,0.6129302228266555,0.6129302228266555,0.5967741935483871,0.5967741935483871,0.5967741935483871,0.5967741935483871,0.5967741935483871,0.5967741935483871,0.5967741935483871,0.5967741935483871,0.5967741935483871,0.5967741935483871,0.5967741935483871,