{"allAttributes":0.6510673234811166,"bestAttributes":[0.358974358974359,0.6798719487795118,0.5894909688013136,0.6068152031454783,0.6068152031454783,0.6032956972841013,0.6032956972841013,0.6032956972841013,0.7219647822057461,0.7219647822057461,0.7219647822057461,0.7219647822057461,0.6510673234811166,0.6643271284711627,0.6643271284711627,0.6643271284711627,0.6643271284711627,0.6643271284711627,0.6643271284711627,0.6643271284711627,0.6643271284711627,0.6643271284711627,0.6643271284711627,0.6643271284711627,0.6643271284711627,0.6643271284711627,0.6643271284711627,0.6643271284711627,0.6643271284711627,0.6643271284711627,0.6643271284711627,0.6643271284711627,0.6643271284711627,0.6643271284711627,0.6643271284711627,0.6643271284711627,0.6643271284711627,0.6643271284711627,0.6643271284711627,0.6643271284711627,0.6643271284711627,0.6643271284711627,0.6643271284711627,0.6643271284711627,0.6643271284711627,0.6643271284711627,0.6643271284711627,0.6643271284711627,0.6643271284711627,0.653202774377805,0.653202774377805,0.653202774377805,0.653202774377805,0.6715927750410509,0.6715927750410509,0.6715927750410509,0.6715927750410509,0.6715927750410509,0.6715927750410509,0.6715927750410509,0.6715927750410509,0.6715927750410509,0.6715927750410509,0.6715927750410509,0.6715927750410509,0.6715927750410509,0.6715927750410509,0.6715927750410509,0.6715927750410509,0.6921182266009853,0.6921182266009853,0.6921182266009853,0.6921182266009853,0.6921182266009853,0.6921182266009853,0.6921182266009853,0.6921182266009853,0.6921182266009853,0.7033248081841432,0.7033248081841432,0.6956168831168831,0.6956168831168831,0.6956168831168831,0.6956168831168831,0.6956168831168831,0.6956168831168831,0.6956168831168831,0.6956168831168831,0.6956168831168831,0.6956168831168831,0.6956168831168831,0.6956168831168831,0.6956168831168831,0.6956168831168831,0.6956168831168831,0.6956168831168831,0.6956168831168831,0.6956168831168831,0.6956168831168831,0.6956168831168831,0.6956168831168831,0.6956168831168831,0.6956168831168831,0.6956168831168831,0.6956168831168831,0.6956168831168831,0.6956168831168831,0.6956168831168831,0.6956168831168831,0.6956168831168831,0.6956168831168831,0.6956168831168831,0.6956168831168831,0.6956168831168831,0.6956168831168831,0.6956168831168831,0.6956168831168831,0.6956168831168831,0.6956168831168831,0.6956168831168831,0.6956168831168831,0.6956168831168831,0.6956168831168831,0.6956168831168831,0.6956168831168831,0.6956168831168831,0.6956168831168831,0.6956168831168831,0.6956168831168831,0.6956168831168831,0.6956168831168831,0.6956168831168831,0.6956168831168831,0.6956168831168831,0.6956168831168831,0.6956168831168831,0.6956168831168831,0.6956168831168831,0.6956168831168831,0.6956168831168831,0.7477931904161412,0.7477931904161412,0.7477931904161412,0.7477931904161412,0.7477931904161412,0.7477931904161412,0.7477931904161412,0.7477931904161412,0.7477931904161412,0.7477931904161412,0.7477931904161412,0.7477931904161412,0.7477931904161412,0.7477931904161412,0.7477931904161412,0.7477931904161412,0.7477931904161412,0.7477931904161412,0.7477931904161412,0.7477931904161412,0.7175436761167486,0.7175436761167486,0.7175436761167486,0.7175436761167486,0.7175436761167486,0.7175436761167486,0.7175436761167486,0.7175436761167486,0.7175436761167486,0.7175436761167486,0.7175436761167486,0.7175436761167486,0.7175436761167486,0.7175436761167486,0.7175436761167486,0.7175436761167486,0.7175436761167486,0.7175436761167486,0.7175436761167486,0.7175436761167486,0.7175436761167486,0.7175436761167486,0.7175436761167486,0.7175436761167486,0.7175436761167486,0.7175436761167486,0.7175436761167486,0.7175436761167486,0.6807743795695603,0.6807743795695603,0.6807743795695603,0.6807743795695603,0.6807743795695603,0.6807743795695603,0.6807743795695603,0.6807743795695603,0.6807743795695603,0.6807743795695603,0.6807743795695603,0.6807743795695603,0.6807743795695603,0.6807743795695603,0.6807743795695603,0.6807743795695603,0.6807743795695603,0.6807743795695603,0.6807743795695603,0.6807743795695603,0.6807743795695603,0.6807743795695603,0.6807743795695603,0.6807743795695603,0.6807743795695603,0.6807743795695603,0.6807743795695603,0.6807743795695603,0.6807743795695603,0.6807743795695603,0.6807743795695603,0.6807743795695603,0.6807743795695603,0.6807743795695603,0.6807743795695603,0.6807743795695603,0.6807743795695603,0.6807743795695603,0.6807743795695603,0.6807743795695603,0.6807743795695603,0.6807743795695603,0.6807743795695603,0.6807743795695603,0.6807743795695603,0.6807743795695603,0.6807743795695603,0.6807743795695603,0.6807743795695603,0.6807743795695603,0.6807743795695603,0.6807743795695603,0.6807743795695603,0.6807743795695603,0.6807743795695603,0.6807743795695603,0.6807743795695603,0.6807743795695603,0.6807743795695603,0.6807743795695603,0.6807743795695603,0.6807743795695603,0.6807743795695603,0.6807743795695603,0.6807743795695603,0.6807743795695603,0.6807743795695603,0.6576408341114224,0.6576408341114224,0.6576408341114224,0.6576408341114224,0.6576408341114224,0.6576408341114224,0.6576408341114224,0.6576408341114224,0.6576408341114224,0.6576408341114224,0.6576408341114224,0.6576408341114224,0.6576408341114224,0.6576408341114224,0.6576408341114224,0.6576408341114224,0.6576408341114224,0.6576408341114224,0.6576408341114224,0.6576408341114224,0.6576408341114224,0.6576408341114224,0.6576408341114224,0.6576408341114224,0.6576408341114224,0.6576408341114224,0.6576408341114224,0.6576408341114224,0.6576408341114224,0.6576408341114224,0.6576408341114224,0.6576408341114224,0.6576408341114224,0.6576408341114224,0.6576408341114224,0.6576408341114224,0.6576408341114224,0.6576408341114224,0.6576408341114224,0.6576408341114224,0.6576408341114224,0.6576408341114224,0.6576408341114224,0.6576408341114224,0.6576408341114224,0.6576408341114224,0.6576408341114224,0.6576408341114224,0.6576408341114224,0.6576408341114224,0.6576408341114224,0.6576408341114224,0.6576408341114224,0.6576408341114224,0.6576408341114224,0.6576408341114224,0.6576408341114224,0.6576408341114224,0.6576408341114224,0.6576408341114224,0.6576408341114224,0.6576408341114224,0.6576408341114224,0.6576408341114224,0.6576408341114224,0.6576408341114224,0.6576408341114224,0.6576408341114224,0.6576408341114224,0.6576408341114224,0.6576408341114224,0.6576408341114224,0.6576408341114224,0.6576408341114224,0.6576408341114224,0.6576408341114224,0.6576408341114224,0.6576408341114224,0.6576408341114224,0.6576408341114224,0.6576408341114224,0.6576408341114224,0.6576408341114224,0.6576408341114224,0.6576408341114224,0.6576408341114224,0.6576408341114224,0.6576408341114224,0.6576408341114224,0.6576408341114224,0.6576408341114224,0.6576408341114224,0.6576408341114224,0.6576408341114224,0.6576408341114224,0.6576408341114224,0.6576408341114224,0.6576408341114224,0.6576408341114224,0.6875,0.6875,0.6807743795695603,0.6807743795695603,0.6807743795695603,0.6807743795695603,0.6807743795695603,0.6807743795695603,0.6807743795695603,0.6807743795695603,0.6576408341114224,0.6576408341114224,0.6576408341114224,0.6576408341114224,0.6576408341114224,0.6576408341114224,0.6576408341114224,0.6576408341114224,0.6576408341114224,0.7631551848419318,0.7631551848419318,0.7631551848419318,0.7631551848419318,0.7631551848419318,0.7631551848419318,0.7631551848419318,0.7631551848419318,0.7631551848419318,0.7631551848419318,0.7631551848419318,0.7631551848419318,0.7631551848419318,0.7631551848419318,0.7631551848419318,0.7631551848419318,0.7631551848419318,0.7631551848419318,0.7631551848419318,0.7631551848419318,0.7631551848419318,0.7631551848419318,0.7631551848419318,0.7631551848419318,0.7631551848419318,0.7631551848419318,0.7631551848419318,0.7631551848419318,0.7631551848419318,0.7631551848419318,0.7631551848419318,0.7631551848419318,0.7631551848419318,0.7631551848419318,0.7631551848419318,0.7631551848419318,0.7631551848419318,0.7631551848419318,0.7631551848419318,0.7631551848419318,0.7631551848419318,0.7631551848419318,0.7631551848419318,0.7631551848419318,0.7631551848419318,0.7631551848419318,