{"allAttributes":0.6510673234811166,"bestAttributes":[0.6396986570586309,0.6756982948007113,0.6847414880201765,0.6847414880201765,0.6847414880201765,0.7331691297208538,0.7331691297208538,0.7331691297208538,0.7331691297208538,0.7331691297208538,0.75,0.75,0.75,0.7028862478777589,0.7028862478777589,0.7028862478777589,0.7028862478777589,0.7149192271143491,0.7149192271143491,0.7149192271143491,0.7149192271143491,0.7149192271143491,0.7149192271143491,0.7149192271143491,0.7149192271143491,0.7593890574327858,0.7593890574327858,0.7593890574327858,0.7593890574327858,0.7593890574327858,0.7593890574327858,0.7593890574327858,0.6923076923076923,0.6923076923076923,0.6923076923076923,0.6923076923076923,0.6923076923076923,0.6923076923076923,0.6923076923076923,0.6875,0.6875,0.6875,0.6875,0.7057587221521648,0.7057587221521648,0.7057587221521648,0.7057587221521648,0.7057587221521648,0.7057587221521648,0.7057587221521648,0.7057587221521648,0.7057587221521648,0.7057587221521648,0.6991389148251894,0.6991389148251894,0.6991389148251894,0.6991389148251894,0.6991389148251894,0.7331691297208538,0.7331691297208538,0.7331691297208538,0.7331691297208538,0.7331691297208538,0.7425599835238389,0.7425599835238389,0.7425599835238389,0.7425599835238389,0.7425599835238389,0.7916666666666666,0.7916666666666666,0.7916666666666666,0.7916666666666666,0.7916666666666666,0.7916666666666666,0.7916666666666666,0.7916666666666666,0.7916666666666666,0.7916666666666666,0.7916666666666666,0.7916666666666666,0.7916666666666666,0.7916666666666666,0.7916666666666666,0.7916666666666666,0.7916666666666666,0.7916666666666666,0.7916666666666666,0.7916666666666666,0.7916666666666666,0.7916666666666666,0.7916666666666666,0.7916666666666666,0.7916666666666666,0.7916666666666666,0.7916666666666666,0.7916666666666666,0.7916666666666666,0.7916666666666666,0.7916666666666666,0.7916666666666666,0.7916666666666666,0.7916666666666666,0.7916666666666666,0.7916666666666666,0.7916666666666666,0.7916666666666666,0.7916666666666666,0.7267759562841531,0.7267759562841531,0.7267759562841531,0.7267759562841531,0.7267759562841531,0.7267759562841531,0.7267759562841531,0.7267759562841531,0.7267759562841531,0.7267759562841531,0.7267759562841531,0.7267759562841531,0.7267759562841531,0.7267759562841531,0.7267759562841531,0.7267759562841531,0.7267759562841531,0.7267759562841531,0.7267759562841531,0.7267759562841531,0.7267759562841531,0.7267759562841531,0.7267759562841531,0.7267759562841531,0.7267759562841531,0.7267759562841531,0.7267759562841531,0.7267759562841531,0.7267759562841531,0.7267759562841531,0.7267759562841531,0.7267759562841531,0.7267759562841531,0.7267759562841531,0.7267759562841531,0.7267759562841531,0.7267759562841531,0.7267759562841531,0.7267759562841531,0.7267759562841531,0.7267759562841531,0.7267759562841531,0.7267759562841531,0.7267759562841531,0.7267759562841531,0.7267759562841531,0.7267759562841531,0.7267759562841531,0.7267759562841531,0.7267759562841531,0.7267759562841531,0.7267759562841531,0.7267759562841531,0.7267759562841531,0.7267759562841531,0.7267759562841531,0.7267759562841531,0.7267759562841531,0.7267759562841531,0.7267759562841531,0.7267759562841531,0.7267759562841531,0.7267759562841531,0.7267759562841531,0.7267759562841531,0.7267759562841531,0.7267759562841531,0.7267759562841531,0.7267759562841531,0.7267759562841531,0.7267759562841531,0.7267759562841531,0.7267759562841531,0.7267759562841531,0.7267759562841531,0.7267759562841531,0.7267759562841531,0.7267759562841531,0.7267759562841531,0.7267759562841531,0.7267759562841531,0.7159090909090908,0.7159090909090908,0.7159090909090908,0.7159090909090908,0.7159090909090908,0.7159090909090908,0.7159090909090908,0.7159090909090908,0.7159090909090908,0.7159090909090908,0.7159090909090908,0.6659580929243851,0.6659580929243851,0.6921182266009853,0.6921182266009853,0.6921182266009853,0.6921182266009853,0.6921182266009853,0.6921182266009853,0.6921182266009853,0.6921182266009853,0.6921182266009853,0.6921182266009853,0.6921182266009853,0.6921182266009853,0.6921182266009853,0.6921182266009853,0.6921182266009853,0.6921182266009853,0.6921182266009853,0.6921182266009853,0.6921182266009853,0.6921182266009853,0.6921182266009853,0.6921182266009853,0.6921182266009853,0.6921182266009853,0.6921182266009853,0.6921182266009853,0.6921182266009853,0.6921182266009853,0.6921182266009853,0.6921182266009853,0.6921182266009853,0.6921182266009853,0.6921182266009853,0.6921182266009853,0.6921182266009853,0.6921182266009853,0.6921182266009853,0.6921182266009853,0.6921182266009853,0.6921182266009853,0.6921182266009853,0.6921182266009853,0.6921182266009853,0.6921182266009853,0.6921182266009853,0.6921182266009853,0.6921182266009853,0.6921182266009853,0.6921182266009853,0.6921182266009853,0.6921182266009853,0.6921182266009853,0.6921182266009853,0.6457131288591962,0.6457131288591962,0.6457131288591962,0.6457131288591962,0.6457131288591962,0.6457131288591962,0.6457131288591962,0.6457131288591962,0.6457131288591962,0.6457131288591962,0.6457131288591962,0.6457131288591962,0.6457131288591962,0.6457131288591962,0.6457131288591962,0.6457131288591962,0.6457131288591962,0.6457131288591962,0.6457131288591962,0.6457131288591962,0.6457131288591962,0.6457131288591962,0.6457131288591962,0.6457131288591962,0.6457131288591962,0.6457131288591962,0.6457131288591962,0.6457131288591962,0.6457131288591962,0.6457131288591962,0.6457131288591962,0.6457131288591962,0.6457131288591962,0.6457131288591962,0.6457131288591962,0.6457131288591962,0.6457131288591962,0.6457131288591962,0.6457131288591962,0.6457131288591962,0.6457131288591962,0.6457131288591962,0.6457131288591962,0.707631817723561,0.707631817723561,0.707631817723561,0.707631817723561,0.707631817723561,0.707631817723561,0.707631817723561,0.707631817723561,0.707631817723561,0.707631817723561,0.707631817723561,0.707631817723561,0.707631817723561,0.707631817723561,0.707631817723561,0.707631817723561,0.707631817723561,0.707631817723561,0.707631817723561,0.707631817723561,0.707631817723561,0.707631817723561,0.707631817723561,0.707631817723561,0.707631817723561,0.707631817723561,0.707631817723561,0.707631817723561,0.707631817723561,0.707631817723561,0.707631817723561,0.707631817723561,0.707631817723561,0.707631817723561,0.707631817723561,0.707631817723561,0.707631817723561,0.707631817723561,0.707631817723561,0.707631817723561,0.707631817723561,0.707631817723561,0.707631817723561,0.707631817723561,0.707631817723561,0.707631817723561,0.707631817723561,0.707631817723561,0.707631817723561,0.707631817723561,0.707631817723561,0.707631817723561,0.707631817723561,0.707631817723561,0.707631817723561,0.707631817723561,0.707631817723561,0.707631817723561,0.707631817723561,0.707631817723561,0.707631817723561,0.707631817723561,0.707631817723561,0.707631817723561,0.707631817723561,0.707631817723561,0.707631817723561,0.707631817723561,0.707631817723561,0.707631817723561,0.707631817723561,0.707631817723561,0.707631817723561,0.6874684948079444,0.6874684948079444,0.6874684948079444,0.6874684948079444,0.6874684948079444,0.6874684948079444,0.6874684948079444,0.6874684948079444,0.6874684948079444,0.6874684948079444,0.6874684948079444,0.6874684948079444,0.6874684948079444,0.6874684948079444,0.6874684948079444,0.6874684948079444,0.6874684948079444,0.6874684948079444,0.6874684948079444,0.6874684948079444,0.6874684948079444,0.6874684948079444,0.6874684948079444,0.6874684948079444,0.6874684948079444,0.6874684948079444,0.6874684948079444,0.6874684948079444,0.6874684948079444,0.6874684948079444,0.6874684948079444,0.6874684948079444,0.6874684948079444,0.6874684948079444,0.6874684948079444,0.6874684948079444,0.6874684948079444,0.6874684948079444,0.6874684948079444,0.6874684948079444,0.6874684948079444,0.6874684948079444,0.6874684948079444,0.6874684948079444,0.6874684948079444,0.6874684948079444,0.6874684948079444,0.6874684948079444,0.6874684948079444,0.6874684948079444,0.6874684948079444,0.6874684948079444,0.6874684948079444,0.6874684948079444,0.6874684948079444,0.6874684948079444,