{"allAttributes":0.6510673234811166,"bestAttributes":[0.358974358974359,0.358974358974359,0.358974358974359,0.358974358974359,0.358974358974359,0.358974358974359,0.358974358974359,0.358974358974359,0.358974358974359,0.358974358974359,0.358974358974359,0.358974358974359,0.358974358974359,0.358974358974359,0.358974358974359,0.358974358974359,0.358974358974359,0.358974358974359,0.358974358974359,0.358974358974359,0.4282744282744282,0.4282744282744282,0.4282744282744282,0.4282744282744282,0.4282744282744282,0.4282744282744282,0.4282744282744282,0.4282744282744282,0.4282744282744282,0.4282744282744282,0.512987012987013,0.5118845500848896,0.5118845500848896,0.5118845500848896,0.5118845500848896,0.5118845500848896,0.5118845500848896,0.5118845500848896,0.5308037535699714,0.5308037535699714,0.5308037535699714,0.5118845500848896,0.6124031007751938,0.6124031007751938,0.6347402597402598,0.5353535353535354,0.5353535353535354,0.5353535353535354,0.5353535353535354,0.5353535353535354,0.5353535353535354,0.5353535353535354,0.5353535353535354,0.5353535353535354,0.5353535353535354,0.5757575757575757,0.5452666391070691,0.5452666391070691,0.5452666391070691,0.6236395076797884,0.72997299729973,0.6457131288591962,0.6457131288591962,0.6457131288591962,0.6457131288591962,0.6457131288591962,0.6550324675324675,0.6550324675324675,0.6305418719211822,0.6305418719211822,0.6305418719211822,0.6471418489767113,0.6419437340153453,0.562608076492727,0.562608076492727,0.562608076492727,0.562608076492727,0.562608076492727,0.562608076492727,0.562608076492727,0.562608076492727,0.562608076492727,0.7660461804495982,0.7660461804495982,0.7660461804495982,0.7660461804495982,0.7660461804495982,0.7660461804495982,0.7660461804495982,0.7660461804495982,0.7660461804495982,0.7660461804495982,0.7660461804495982,0.7660461804495982,0.7660461804495982,0.7660461804495982,0.7266929851199515,0.7266929851199515,0.6550324675324675,0.6550324675324675,0.6550324675324675,0.6550324675324675,0.6550324675324675,0.6550324675324675,0.6550324675324675,0.6550324675324675,0.6550324675324675,0.6550324675324675,0.6550324675324675,0.6550324675324675,0.6550324675324675,0.6550324675324675,0.6550324675324675,0.6550324675324675,0.6643271284711627,0.7033248081841432,0.6899545266639108,0.6899545266639108,0.6899545266639108,0.6899545266639108,0.6899545266639108,0.6899545266639108,0.6899545266639108,0.6899545266639108,0.6899545266639108,0.6899545266639108,0.6899545266639108,0.6899545266639108,0.6899545266639108,0.6899545266639108,0.6899545266639108,0.6899545266639108,0.6899545266639108,0.6899545266639108,0.6899545266639108,0.6899545266639108,0.6899545266639108,0.6899545266639108,0.6899545266639108,0.6899545266639108,0.6899545266639108,0.6899545266639108,0.6899545266639108,0.6899545266639108,0.6899545266639108,0.7171717171717172,0.7171717171717172,0.6991389148251894,0.6991389148251894,0.6991389148251894,0.6991389148251894,0.6991389148251894,0.6991389148251894,0.6991389148251894,0.6991389148251894,0.6991389148251894,0.6991389148251894,0.6991389148251894,0.6991389148251894,0.6991389148251894,0.6991389148251894,0.6991389148251894,0.6991389148251894,0.5459824728117411,0.5459824728117411,0.5459824728117411,0.5459824728117411,0.5459824728117411,0.5459824728117411,0.5459824728117411,0.5459824728117411,0.5459824728117411,0.5459824728117411,0.5459824728117411,0.5459824728117411,0.5459824728117411,0.5459824728117411,0.5459824728117411,0.5459824728117411,0.5459824728117411,0.5459824728117411,0.6129302228266555,0.6129302228266555,0.6129302228266555,0.6129302228266555,0.6129302228266555,0.6129302228266555,0.6129302228266555,0.6129302228266555,0.6129302228266555,0.6129302228266555,0.6129302228266555,0.6129302228266555,0.6129302228266555,0.6129302228266555,0.6129302228266555,0.6129302228266555,0.6129302228266555,0.5983935742971889,0.5983935742971889,0.5983935742971889,0.5983935742971889,0.5983935742971889,0.5983935742971889,0.5983935742971889,0.5983935742971889,0.5983935742971889,0.5983935742971889,0.5983935742971889,0.5983935742971889,0.5983935742971889,0.5983935742971889,0.5983935742971889,0.5983935742971889,0.5983935742971889,0.5983935742971889,0.5983935742971889,0.5983935742971889,0.5983935742971889,0.6161616161616161,0.6161616161616161,0.6161616161616161,0.6161616161616161,0.6161616161616161,0.6161616161616161,0.6161616161616161,0.6161616161616161,0.6161616161616161,0.6161616161616161,0.6161616161616161,0.6161616161616161,0.6161616161616161,0.6161616161616161,0.6161616161616161,0.6161616161616161,0.6161616161616161,0.6161616161616161,0.6161616161616161,0.6161616161616161,0.6161616161616161,0.6161616161616161,0.6161616161616161,0.6161616161616161,0.6161616161616161,0.6161616161616161,0.6161616161616161,0.6161616161616161,0.6161616161616161,0.6161616161616161,0.6161616161616161,0.6161616161616161,0.6338529134846741,0.6338529134846741,0.6338529134846741,0.6338529134846741,0.6338529134846741,0.6338529134846741,0.6338529134846741,0.6338529134846741,0.6338529134846741,0.6338529134846741,0.6338529134846741,0.6338529134846741,0.6338529134846741,0.6338529134846741,0.6338529134846741,0.6338529134846741,0.6216897856242118,0.6216897856242118,0.6216897856242118,0.6216897856242118,0.6216897856242118,0.6216897856242118,0.6216897856242118,0.6216897856242118,0.6216897856242118,0.6216897856242118,0.6216897856242118,0.6216897856242118,0.6216897856242118,0.6216897856242118,0.6216897856242118,0.6216897856242118,0.6216897856242118,0.6216897856242118,0.6216897856242118,0.6216897856242118,0.6216897856242118,0.6216897856242118,0.6216897856242118,0.6216897856242118,0.6216897856242118,0.6216897856242118,0.6216897856242118,0.6216897856242118,0.6216897856242118,0.6216897856242118,0.6216897856242118,0.6216897856242118,0.6216897856242118,0.6216897856242118,0.6216897856242118,0.6216897856242118,0.6216897856242118,0.6216897856242118,0.6216897856242118,0.6479999999999999,0.6479999999999999,0.6479999999999999,0.6479999999999999,0.6479999999999999,0.6479999999999999,0.6479999999999999,0.6479999999999999,0.6479999999999999,0.6479999999999999,0.6479999999999999,0.6479999999999999,0.6479999999999999,0.6479999999999999,0.6479999999999999,0.6479999999999999,0.6479999999999999,0.6479999999999999,0.6479999999999999,0.6479999999999999,0.6479999999999999,0.6479999999999999,0.6479999999999999,0.6479999999999999,0.6479999999999999,0.6479999999999999,0.6479999999999999,0.6479999999999999,0.6479999999999999,0.6479999999999999,0.6479999999999999,0.6479999999999999,0.6479999999999999,0.6479999999999999,0.6479999999999999,0.6479999999999999,0.6479999999999999,0.6479999999999999,0.6479999999999999,0.6479999999999999,0.6479999999999999,0.6479999999999999,0.6479999999999999,0.6479999999999999,0.6479999999999999,0.6479999999999999,0.6479999999999999,0.6479999999999999,0.6479999999999999,0.6236395076797884,0.6236395076797884,0.6236395076797884,0.6236395076797884,0.6236395076797884,0.6236395076797884,0.6236395076797884,0.6236395076797884,0.6236395076797884,0.6236395076797884,0.6236395076797884,0.6236395076797884,0.6236395076797884,0.6236395076797884,0.6236395076797884,0.6236395076797884,0.6236395076797884,0.6236395076797884,0.6236395076797884,0.6236395076797884,0.6236395076797884,0.6236395076797884,0.6236395076797884,0.6236395076797884,0.6236395076797884,0.6236395076797884,0.6236395076797884,0.6236395076797884,0.6236395076797884,0.6236395076797884,0.6236395076797884,0.6236395076797884,0.6236395076797884,0.6236395076797884,0.6236395076797884,0.6236395076797884,0.6236395076797884,0.6236395076797884,0.6236395076797884,0.6236395076797884,0.6236395076797884,0.6236395076797884,0.6236395076797884,0.6236395076797884,0.6236395076797884,0.6236395076797884,0.6236395076797884,0.6236395076797884,0.6236395076797884,0.6236395076797884,0.6236395076797884,0.6236395076797884,0.6236395076797884,0.6236395076797884,0.6236395076797884,0.6236395076797884,0.6236395076797884,0.6236395076797884,0.6236395076797884,0.6236395076797884,0.6236395076797884,0.6236395076797884,0.6236395076797884,0.6236395076797884,