{"allAttributes":0.6510673234811166,"bestAttributes":[0.7085720028137876,0.7085720028137876,0.7085720028137876,0.7493734335839599,0.7599039615846339,0.7599039615846339,0.7599039615846339,0.769792813532179,0.769792813532179,0.789810829746772,0.789810829746772,0.769792813532179,0.7799119647859143,0.7799119647859143,0.7799119647859143,0.7799119647859143,0.7799119647859143,0.7799119647859143,0.8084484323016434,0.8076728413807066,0.8076728413807066,0.8076728413807066,0.8076728413807066,0.8076728413807066,0.8076728413807066,0.8076728413807066,0.8076728413807066,0.7660461804495982,0.7660461804495982,0.7660461804495982,0.7660461804495982,0.7660461804495982,0.7660461804495982,0.7253585596582239,0.7253585596582239,0.7253585596582239,0.7253585596582239,0.7253585596582239,0.7253585596582239,0.7253585596582239,0.7253585596582239,0.7253585596582239,0.7253585596582239,0.7253585596582239,0.7348021215830273,0.7348021215830273,0.7348021215830273,0.7348021215830273,0.7348021215830273,0.7348021215830273,0.7348021215830273,0.7348021215830273,0.7348021215830273,0.7083333333333333,0.7083333333333333,0.7083333333333333,0.7083333333333333,0.7083333333333333,0.7083333333333333,0.7083333333333333,0.7362012987012987,0.7362012987012987,0.7362012987012987,0.7362012987012987,0.7362012987012987,0.7362012987012987,0.7362012987012987,0.7362012987012987,0.7362012987012987,0.6884735202492211,0.6884735202492211,0.6874684948079444,0.6874684948079444,0.6874684948079444,0.6874684948079444,0.6874684948079444,0.6874684948079444,0.7277951406391774,0.7277951406391774,0.7277951406391774,0.7277951406391774,0.7277951406391774,0.7277951406391774,0.696969696969697,0.696969696969697,0.696969696969697,0.696969696969697,0.696969696969697,0.696969696969697,0.696969696969697,0.696969696969697,0.696969696969697,0.696969696969697,0.696969696969697,0.696969696969697,0.696969696969697,0.696969696969697,0.696969696969697,0.696969696969697,0.696969696969697,0.696969696969697,0.696969696969697,0.696969696969697,0.696969696969697,0.696969696969697,0.696969696969697,0.696969696969697,0.696969696969697,0.696969696969697,0.696969696969697,0.696969696969697,0.696969696969697,0.696969696969697,0.7171717171717172,0.7171717171717172,0.7171717171717172,0.7253585596582239,0.7253585596582239,0.7253585596582239,0.7253585596582239,0.7253585596582239,0.7253585596582239,0.7253585596582239,0.7253585596582239,0.7253585596582239,0.7253585596582239,0.6715927750410509,0.6715927750410509,0.6715927750410509,0.6715927750410509,0.6715927750410509,0.6715927750410509,0.6715927750410509,0.6715927750410509,0.6715927750410509,0.6715927750410509,0.6715927750410509,0.6715927750410509,0.6715927750410509,0.6715927750410509,0.6715927750410509,0.6715927750410509,0.6715927750410509,0.6715927750410509,0.6715927750410509,0.6715927750410509,0.6736026111791106,0.6736026111791106,0.6736026111791106,0.6736026111791106,0.6736026111791106,0.6736026111791106,0.6736026111791106,0.6736026111791106,0.6124031007751938,0.6124031007751938,0.6124031007751938,0.6124031007751938,0.6124031007751938,0.6124031007751938,0.6124031007751938,0.6124031007751938,0.6124031007751938,0.6124031007751938,0.6124031007751938,0.6124031007751938,0.6124031007751938,0.6124031007751938,0.6124031007751938,0.6124031007751938,0.6124031007751938,0.6124031007751938,0.6124031007751938,0.6124031007751938,0.6124031007751938,0.6124031007751938,0.6124031007751938,0.6124031007751938,0.6124031007751938,0.6124031007751938,0.6124031007751938,0.6124031007751938,0.6124031007751938,0.6124031007751938,0.6124031007751938,0.6124031007751938,0.6124031007751938,0.6124031007751938,0.6124031007751938,0.6643271284711627,0.6643271284711627,0.6643271284711627,0.6643271284711627,0.6643271284711627,0.6643271284711627,0.6643271284711627,0.6643271284711627,0.6643271284711627,0.6643271284711627,0.6643271284711627,0.6643271284711627,0.6643271284711627,0.6643271284711627,0.6643271284711627,0.6643271284711627,0.6643271284711627,0.6643271284711627,0.6643271284711627,0.6643271284711627,0.6643271284711627,0.6643271284711627,0.6643271284711627,0.6643271284711627,0.6643271284711627,0.6643271284711627,0.6643271284711627,0.6643271284711627,0.6643271284711627,0.6643271284711627,0.6643271284711627,0.6643271284711627,0.6643271284711627,0.6643271284711627,0.6643271284711627,0.6643271284711627,0.6643271284711627,0.6376811594202898,0.6376811594202898,0.6376811594202898,0.6376811594202898,0.6376811594202898,0.6376811594202898,0.6376811594202898,0.6376811594202898,0.6376811594202898,0.6376811594202898,0.6376811594202898,0.6376811594202898,0.6376811594202898,0.6376811594202898,0.6376811594202898,0.6376811594202898,0.6376811594202898,0.6376811594202898,0.6376811594202898,0.7189883580891208,0.7189883580891208,0.7189883580891208,0.7189883580891208,0.7189883580891208,0.7189883580891208,0.7189883580891208,0.7189883580891208,0.7189883580891208,0.7189883580891208,0.7189883580891208,0.7189883580891208,0.7189883580891208,0.7189883580891208,0.7189883580891208,0.7189883580891208,0.7189883580891208,0.7189883580891208,0.7189883580891208,0.7189883580891208,0.7189883580891208,0.6862030569895738,0.6862030569895738,0.6862030569895738,0.6862030569895738,0.6862030569895738,0.6862030569895738,0.6862030569895738,0.6862030569895738,0.7171717171717172,0.7171717171717172,0.7171717171717172,0.7171717171717172,0.7171717171717172,0.7171717171717172,0.7171717171717172,0.7171717171717172,0.7171717171717172,0.7171717171717172,0.7171717171717172,0.7171717171717172,0.7171717171717172,0.6457131288591962,0.6457131288591962,0.6457131288591962,0.6457131288591962,0.6457131288591962,0.6457131288591962,0.6457131288591962,0.6457131288591962,0.6457131288591962,0.6457131288591962,0.6457131288591962,0.6457131288591962,0.6457131288591962,0.6457131288591962,0.6457131288591962,0.6457131288591962,0.6457131288591962,0.6457131288591962,0.6457131288591962,0.6457131288591962,0.6457131288591962,0.6457131288591962,0.6457131288591962,0.6457131288591962,0.6457131288591962,0.6457131288591962,0.6457131288591962,0.6457131288591962,0.6457131288591962,0.6457131288591962,0.6457131288591962,0.6457131288591962,0.6457131288591962,0.6457131288591962,0.6457131288591962,0.6457131288591962,0.6457131288591962,0.6457131288591962,0.6457131288591962,0.6457131288591962,0.6457131288591962,0.6457131288591962,0.6457131288591962,0.6457131288591962,0.6457131288591962,0.6457131288591962,0.6457131288591962,0.6457131288591962,0.6457131288591962,0.6457131288591962,0.6457131288591962,0.6457131288591962,0.6457131288591962,0.6457131288591962,0.6457131288591962,0.6457131288591962,0.6457131288591962,0.6457131288591962,0.6457131288591962,0.6457131288591962,0.6457131288591962,0.6457131288591962,0.6457131288591962,0.6457131288591962,0.6457131288591962,0.6457131288591962,0.6457131288591962,0.6457131288591962,0.6457131288591962,0.6457131288591962,0.6457131288591962,0.6457131288591962,0.6457131288591962,0.6457131288591962,0.6457131288591962,0.6457131288591962,0.6457131288591962,0.6457131288591962,0.6457131288591962,0.6457131288591962,0.6457131288591962,0.6457131288591962,0.6457131288591962,0.6846709388668497,0.6846709388668497,0.6846709388668497,0.6846709388668497,0.6846709388668497,0.6846709388668497,0.6846709388668497,0.6846709388668497,0.6846709388668497,0.6846709388668497,0.6846709388668497,0.6846709388668497,0.6846709388668497,0.6846709388668497,0.6846709388668497,0.6846709388668497,0.6846709388668497,0.6846709388668497,0.6846709388668497,0.6846709388668497,0.6846709388668497,0.6846709388668497,0.6846709388668497,0.6846709388668497,0.6846709388668497,0.6846709388668497,0.6846709388668497,0.6846709388668497,0.6846709388668497,0.6846709388668497,0.6846709388668497,0.6846709388668497,0.6846709388668497,0.6846709388668497,0.6846709388668497,0.6846709388668497,0.6846709388668497,0.6846709388668497,0.6846709388668497,0.6846709388668497,0.6846709388668497,0.6846709388668497,0.6846709388668497,0.6846709388668497,0.6846709388668497,0.6846709388668497,0.6846709388668497,0.6846709388668497,0.6846709388668497,0.6846709388668497,