{"allAttributes":0.7383252818035426,"bestAttributes":[0.48589341692789967,0.5586380832282472,0.625,0.6395839769333744,0.6161427533976553,0.653202774377805,0.6279454319966928,0.6368917937545389,0.5796553173602353,0.5670995670995671,0.5796553173602353,0.6161427533976553,0.7181964573268922,0.7092731829573935,0.7493734335839599,0.7293233082706767,0.7395833333333333,0.769792813532179,0.72997299729973,0.74997499749975,0.7398959583833533,0.7497747973175858,0.7599039615846339,0.7497747973175858,0.7398959583833533,0.7398959583833533,0.7398959583833533,0.7398959583833533,0.7398959583833533,0.7398959583833533,0.7398959583833533,0.7497747973175858,0.7497747973175858,0.7398959583833533,0.7497747973175858,0.7497747973175858,0.7398959583833533,0.7398959583833533,0.7398959583833533,0.7398959583833533,0.7497747973175858,0.7497747973175858,0.7398959583833533,0.7398959583833533,0.7497747973175858,0.7398959583833533,0.7398959583833533,0.7497747973175858,0.7497747973175858,0.7497747973175858,0.7297567811029928,0.7398959583833533,0.7398959583833533,0.7297567811029928,0.7297567811029928,0.7297567811029928,0.7297567811029928,0.7297567811029928,0.7297567811029928,0.7297567811029928,0.7297567811029928,0.7297567811029928,0.7297567811029928,0.7395833333333333,0.7395833333333333,0.7297567811029928,0.7297567811029928,0.7297567811029928,0.7297567811029928,0.7297567811029928,0.7297567811029928,0.7297567811029928,0.7297567811029928,0.7297567811029928,0.7297567811029928,0.7195512820512819,0.7195512820512819,0.7195512820512819,0.7195512820512819,0.7195512820512819,0.7195512820512819,0.7195512820512819,0.7195512820512819,0.7195512820512819,0.7195512820512819,0.7195512820512819,0.7195512820512819,0.7195512820512819,0.7195512820512819,0.7195512820512819,0.7195512820512819,0.7195512820512819,0.7195512820512819,0.7195512820512819,0.7195512820512819,0.7195512820512819,0.7195512820512819,0.7195512820512819,0.7195512820512819,0.7195512820512819,0.7195512820512819,0.7195512820512819,0.7195512820512819,0.7195512820512819,0.7195512820512819,0.7195512820512819,0.7195512820512819,0.7195512820512819,0.7195512820512819,0.7097387648883995,0.7097387648883995,0.7097387648883995,0.6998799519807923,0.6998799519807923,0.6998799519807923,0.6998799519807923,0.6998799519807923,0.6998799519807923,0.6998799519807923,0.6998799519807923,0.6998799519807923,0.7195512820512819,0.7195512820512819,0.7195512820512819,0.7097387648883995,0.6998799519807923,0.7097387648883995,0.6998799519807923,0.6998799519807923,0.6998799519807923,0.6998799519807923,0.6998799519807923,0.6998799519807923,0.6998799519807923,0.6998799519807923,0.6998799519807923,0.6998799519807923,0.7195512820512819,0.6998799519807923,0.7097387648883995,0.7097387648883995,0.7097387648883995,0.7097387648883995,0.7097387648883995,0.7195512820512819,0.7195512820512819,0.7195512820512819,0.7195512820512819,0.7097387648883995,0.7097387648883995,0.7097387648883995,0.7097387648883995,0.7097387648883995,0.7097387648883995,0.7097387648883995,0.7097387648883995,0.7097387648883995,0.7097387648883995,0.7097387648883995,0.7097387648883995,0.7097387648883995,0.7097387648883995,0.7097387648883995,0.7097387648883995,0.7097387648883995,0.7097387648883995,0.7097387648883995,0.6998799519807923,0.7097387648883995,0.7097387648883995,0.7097387648883995,0.7097387648883995,0.7097387648883995,0.7097387648883995,0.7097387648883995,0.7097387648883995,0.7097387648883995,0.6998799519807923,0.6998799519807923,0.6998799519807923,0.6998799519807923,0.6998799519807923,0.6998799519807923,0.6998799519807923,0.6998799519807923,0.6998799519807923,0.6998799519807923,0.6998799519807923,0.6998799519807923,0.6998799519807923,0.6998799519807923,0.6998799519807923,0.6998799519807923,0.6998799519807923,0.6998799519807923,0.7097387648883995,0.7097387648883995,0.7097387648883995,0.7097387648883995,0.7097387648883995,0.6998799519807923,0.6998799519807923,0.6998799519807923,0.6998799519807923,0.6998799519807923,0.6998799519807923,0.6998799519807923,0.6998799519807923,0.6998799519807923,0.6998799519807923,0.6998799519807923,0.6998799519807923,0.6998799519807923,0.6998799519807923,0.6998799519807923,0.6998799519807923,0.6998799519807923,0.6998799519807923,0.6998799519807923,0.6998799519807923,0.6998799519807923,0.6998799519807923,0.6998799519807923,0.6998799519807923,0.6998799519807923,0.6998799519807923,0.6998799519807923,0.6998799519807923,0.6998799519807923,0.6998799519807923,0.6998799519807923,0.6998799519807923,0.6998799519807923,0.6998799519807923,0.6998799519807923,0.6998799519807923,0.6998799519807923,0.6998799519807923,0.6998799519807923,0.6998799519807923,0.6998799519807923,0.6998799519807923,0.6998799519807923,0.6998799519807923,0.6998799519807923,0.6998799519807923,0.6998799519807923,0.6998799519807923,0.6998799519807923,0.6998799519807923,0.6998799519807923,0.6998799519807923,0.6998799519807923,0.6998799519807923,0.6998799519807923,0.6998799519807923,0.6998799519807923,0.6998799519807923,0.6998799519807923,0.6998799519807923,0.6998799519807923,0.6998799519807923,0.6998799519807923,0.6998799519807923,0.6998799519807923,0.6998799519807923,0.6998799519807923,0.6998799519807923,0.6998799519807923,0.6998799519807923,0.6998799519807923,0.6998799519807923,0.6998799519807923,0.6998799519807923,0.6998799519807923,0.6998799519807923,0.6998799519807923,0.6998799519807923,0.6998799519807923,0.6998799519807923,0.6998799519807923,0.6998799519807923,0.6998799519807923,0.6998799519807923,0.6998799519807923,0.6998799519807923,0.6998799519807923,0.6998799519807923,0.6998799519807923,0.6998799519807923,0.6998799519807923,0.6998799519807923,0.6998799519807923,0.6998799519807923,0.6998799519807923,0.6998799519807923,0.6998799519807923,0.6998799519807923,0.6998799519807923,0.6998799519807923,0.6998799519807923,0.6998799519807923,0.6998799519807923,0.6998799519807923,0.6998799519807923,0.6998799519807923,0.6998799519807923,0.6998799519807923,0.6998799519807923,0.6998799519807923,0.6998799519807923,0.6998799519807923,0.6998799519807923,0.6998799519807923,0.6998799519807923,0.6998799519807923,0.6998799519807923,0.6998799519807923,0.6998799519807923,0.6998799519807923,0.6998799519807923,0.6998799519807923,0.6998799519807923,0.6998799519807923,0.6998799519807923,0.6998799519807923,0.6998799519807923,0.6998799519807923,0.6998799519807923,0.6998799519807923,0.6998799519807923,0.6998799519807923,0.6998799519807923,0.6998799519807923,0.6998799519807923,0.6998799519807923,0.6998799519807923,0.6998799519807923,0.6998799519807923,0.6998799519807923,0.6998799519807923,0.6998799519807923,0.6998799519807923,0.6998799519807923,0.6998799519807923,0.6998799519807923,0.6998799519807923,0.6998799519807923,0.6998799519807923,0.6998799519807923,0.6998799519807923,0.6998799519807923,0.6998799519807923,0.6998799519807923,0.6998799519807923,0.6998799519807923,0.6998799519807923,0.6998799519807923,0.6998799519807923,0.6998799519807923,0.6998799519807923,0.6998799519807923,0.6998799519807923,0.6998799519807923,0.6998799519807923,0.6998799519807923,0.6998799519807923,0.6998799519807923,0.6998799519807923,0.6998799519807923,0.6998799519807923,0.6998799519807923,0.6998799519807923,0.6998799519807923,0.6998799519807923,0.6998799519807923,0.6998799519807923,0.6998799519807923,0.6998799519807923,0.6998799519807923,0.6998799519807923,0.6998799519807923,0.6998799519807923,0.6998799519807923,0.6998799519807923,0.6998799519807923,0.6998799519807923,0.6998799519807923,0.6998799519807923,0.6998799519807923,0.6998799519807923,0.6998799519807923,0.6998799519807923,0.6998799519807923,0.6998799519807923,0.6998799519807923,0.6998799519807923,0.6998799519807923,0.6998799519807923,0.6998799519807923,0.6998799519807923,0.6998799519807923,0.6998799519807923,0.6998799519807923,0.6998799519807923,0.6998799519807923,0.6998799519807923,0.6998799519807923,0.6998799519807923,0.6998799519807923,0.6998799519807923,0.6998799519807923,0.6998799519807923,0.6998799519807923,0.6998799519807923,0.6998799519807923,0.6998799519807923,0.6998799519807923,0.6998799519807923,