{"allAttributes":0.7383252818035426,"bestAttributes":[0.6683750376846548,0.6683750376846548,0.7097387648883995,0.7198879551820729,0.6899689968996899,0.7198879551820729,0.68,0.68,0.68,0.68,0.68,0.68,0.68,0.68,0.68,0.68,0.68,0.68,0.68,0.6899689968996899,0.6899689968996899,0.6899689968996899,0.6998799519807923,0.6998799519807923,0.6998799519807923,0.6998799519807923,0.6998799519807923,0.6998799519807923,0.6998799519807923,0.6998799519807923,0.6998799519807923,0.6998799519807923,0.6998799519807923,0.6998799519807923,0.6998799519807923,0.6998799519807923,0.7198879551820729,0.7198879551820729,0.7198879551820729,0.7198879551820729,0.7198879551820729,0.7198879551820729,0.7198879551820729,0.7097387648883995,0.7097387648883995,0.7097387648883995,0.7097387648883995,0.6998799519807923,0.6998799519807923,0.6998799519807923,0.68996899689969,0.68996899689969,0.68996899689969,0.68996899689969,0.68996899689969,0.68996899689969,0.7099709970997099,0.7099709970997099,0.7,0.7099709970997099,0.7099709970997099,0.7099709970997099,0.7099709970997099,0.7099709970997099,0.7099709970997099,0.7099709970997099,0.7099709970997099,0.6998799519807923,0.7099709970997099,0.7099709970997099,0.6998799519807923,0.7099709970997099,0.6998799519807923,0.68996899689969,0.7,0.7,0.7099709970997099,0.7,0.7,0.7,0.7,0.7,0.7,0.7,0.7,0.7,0.7,0.7,0.7,0.6899689968996899,0.7097387648883995,0.7097387648883995,0.7097387648883995,0.7097387648883995,0.7097387648883995,0.7097387648883995,0.7097387648883995,0.7097387648883995,0.7097387648883995,0.7097387648883995,0.7097387648883995,0.7097387648883995,0.7097387648883995,0.7097387648883995,0.7097387648883995,0.7097387648883995,0.6995192307692308,0.6995192307692308,0.6995192307692308,0.6995192307692308,0.6995192307692308,0.6995192307692308,0.6995192307692308,0.6995192307692308,0.6995192307692308,0.7097387648883995,0.7097387648883995,0.7097387648883995,0.7097387648883995,0.6998799519807923,0.6998799519807923,0.6998799519807923,0.6998799519807923,0.6998799519807923,0.6998799519807923,0.6998799519807923,0.6998799519807923,0.6998799519807923,0.6998799519807923,0.6998799519807923,0.6899689968996899,0.6899689968996899,0.6899689968996899,0.6899689968996899,0.6899689968996899,0.6899689968996899,0.6899689968996899,0.6899689968996899,0.6899689968996899,0.68,0.68,0.68,0.68,0.68,0.68,0.68,0.68,0.68,0.68,0.68,0.68996899689969,0.68996899689969,0.68996899689969,0.68996899689969,0.68996899689969,0.68996899689969,0.68996899689969,0.68996899689969,0.68996899689969,0.68996899689969,0.68996899689969,0.68996899689969,0.68996899689969,0.68996899689969,0.68996899689969,0.68996899689969,0.68996899689969,0.68996899689969,0.68996899689969,0.68996899689969,0.68996899689969,0.68996899689969,0.68996899689969,0.6998799519807923,0.6998799519807923,0.6998799519807923,0.6998799519807923,0.6998799519807923,0.6998799519807923,0.6998799519807923,0.6998799519807923,0.6998799519807923,0.6998799519807923,0.6998799519807923,0.6998799519807923,0.6998799519807923,0.6998799519807923,0.6998799519807923,0.7390606182256123,0.7390606182256123,0.7390606182256123,0.7390606182256123,0.7390606182256123,0.7390606182256123,0.7390606182256123,0.7390606182256123,0.7390606182256123,0.7390606182256123,0.7390606182256123,0.7390606182256123,0.7390606182256123,0.7493734335839599,0.7493734335839599,0.7493734335839599,0.7493734335839599,0.7493734335839599,0.7493734335839599,0.7493734335839599,0.7493734335839599,0.7493734335839599,0.7493734335839599,0.7493734335839599,0.7493734335839599,0.7383252818035426,0.7383252818035426,0.7383252818035426,0.7383252818035426,0.7286704853783539,0.7286704853783539,0.7286704853783539,0.7286704853783539,0.7286704853783539,0.7286704853783539,0.7286704853783539,0.7286704853783539,0.7286704853783539,0.7286704853783539,0.7286704853783539,0.7286704853783539,0.7286704853783539,0.7286704853783539,0.7286704853783539,0.7286704853783539,0.7286704853783539,0.7286704853783539,0.7286704853783539,0.7286704853783539,0.7286704853783539,0.7181964573268922,0.7286704853783539,0.7286704853783539,0.7286704853783539,0.7286704853783539,0.7286704853783539,0.7286704853783539,0.7286704853783539,0.7286704853783539,0.7286704853783539,0.7286704853783539,0.7286704853783539,0.7286704853783539,0.7286704853783539,0.7286704853783539,0.7286704853783539,0.7286704853783539,0.7286704853783539,0.7286704853783539,0.7286704853783539,0.7286704853783539,0.7286704853783539,0.7286704853783539,0.7286704853783539,0.7286704853783539,0.7181964573268922,0.7181964573268922,0.7181964573268922,0.7181964573268922,0.7181964573268922,0.7181964573268922,0.7181964573268922,0.7181964573268922,0.7181964573268922,0.7181964573268922,0.7181964573268922,0.7181964573268922,0.7181964573268922,0.7181964573268922,0.7181964573268922,0.7181964573268922,0.7181964573268922,0.7181964573268922,0.7181964573268922,0.7181964573268922,0.7181964573268922,0.7181964573268922,0.7286704853783539,0.7286704853783539,0.7181964573268922,0.7181964573268922,0.7181964573268922,0.7181964573268922,0.7181964573268922,0.7181964573268922,0.7181964573268922,0.7181964573268922,0.7181964573268922,0.7181964573268922,0.7181964573268922,0.7181964573268922,0.7181964573268922,0.7181964573268922,0.7181964573268922,0.7181964573268922,0.7181964573268922,0.7181964573268922,0.7181964573268922,0.7181964573268922,0.7181964573268922,0.7181964573268922,0.7085720028137874,0.7085720028137874,0.7085720028137874,0.7085720028137874,0.7085720028137874,0.7085720028137874,0.7085720028137874,0.7085720028137874,0.7085720028137874,0.7085720028137874,0.7085720028137874,0.7085720028137874,0.7085720028137874,0.7085720028137874,0.7085720028137874,0.7085720028137874,0.7085720028137874,0.7085720028137874,0.6980676328502415,0.6980676328502415,0.6980676328502415,0.6980676328502415,0.6980676328502415,0.6980676328502415,0.6980676328502415,0.6980676328502415,0.6980676328502415,0.6980676328502415,0.6980676328502415,0.6980676328502415,0.6980676328502415,0.6980676328502415,0.6980676328502415,0.6980676328502415,0.6980676328502415,0.6980676328502415,0.6980676328502415,0.6980676328502415,0.6980676328502415,0.6980676328502415,0.6980676328502415,0.6980676328502415,0.6980676328502415,0.6980676328502415,0.6980676328502415,0.6980676328502415,0.6980676328502415,0.6980676328502415,0.6980676328502415,0.6980676328502415,0.6980676328502415,0.6980676328502415,0.6980676328502415,0.6980676328502415,0.6980676328502415,0.6980676328502415,0.6980676328502415,0.6980676328502415,0.6980676328502415,0.6980676328502415,0.6980676328502415,0.6980676328502415,0.6980676328502415,0.6980676328502415,0.6980676328502415,0.7085720028137874,0.7085720028137874,0.7085720028137874,0.7085720028137874,0.7085720028137874,0.7085720028137874,0.7085720028137874,0.7085720028137874,0.7085720028137874,0.7085720028137874,0.7085720028137874,0.7085720028137874,0.7085720028137874,0.7085720028137874,0.7085720028137874,0.7085720028137874,0.7085720028137874,0.7085720028137874,0.7085720028137874,0.7085720028137874,0.7085720028137874,0.7085720028137874,0.7085720028137874,0.7085720028137874,0.7085720028137874,0.7085720028137874,0.7085720028137874,0.7085720028137874,0.7085720028137874,0.7085720028137874,0.7085720028137874,0.7085720028137874,0.7085720028137874,0.7085720028137874,0.7085720028137874,0.7085720028137874,0.7085720028137874,0.7085720028137874,0.7085720028137874,0.7085720028137874,0.7085720028137874,0.7085720028137874,0.7085720028137874,0.7085720028137874,0.7085720028137874,0.7085720028137874,0.7085720028137874,0.7085720028137874,0.7085720028137874,0.7085720028137874,0.7085720028137874,0.7085720028137874,0.7085720028137874,0.7085720028137874,0.7085720028137874,0.7085720028137874,0.7085720028137874,0.7085720028137874,0.7085720028137874,0.7085720028137874,0.7085720028137874,0.7085720028137874,0.7085720028137874,0.7085720028137874,0.7085720028137874,0.7085720028137874,0.7085720028137874,0.7085720028137874,0.7085720028137874,0.7085720028137874,0.7085720028137874,0.7085720028137874,0.7085720028137874,0.7085720028137874,0.7085720028137874,0.7085720028137874,