{"allAttributes":0.7383252818035426,"bestAttributes":[0.68,0.6794871794871795,0.6598639455782314,0.6598639455782314,0.6697027324592133,0.6697027324592133,0.6794871794871795,0.6794871794871795,0.6794871794871795,0.6794871794871795,0.6794871794871795,0.70997099709971,0.68996899689969,0.6998799519807923,0.6989160979526294,0.6989160979526294,0.7189883580891208,0.7050147492625368,0.7171717171717172,0.7266929851199515,0.7266929851199515,0.7266929851199515,0.7159090909090908,0.7266929851199515,0.7266929851199515,0.7266929851199515,0.7266929851199515,0.7266929851199515,0.7266929851199515,0.7266929851199515,0.7266929851199515,0.7266929851199515,0.7266929851199515,0.7266929851199515,0.7266929851199515,0.7266929851199515,0.7266929851199515,0.7266929851199515,0.7266929851199515,0.7266929851199515,0.7266929851199515,0.7266929851199515,0.7266929851199515,0.7266929851199515,0.7266929851199515,0.7266929851199515,0.7266929851199515,0.7266929851199515,0.7266929851199515,0.7266929851199515,0.7362012987012987,0.7266929851199515,0.7362012987012987,0.7362012987012987,0.7362012987012987,0.7362012987012987,0.7362012987012987,0.7362012987012987,0.7362012987012987,0.7362012987012987,0.7362012987012987,0.7362012987012987,0.7362012987012987,0.7362012987012987,0.7362012987012987,0.7362012987012987,0.7362012987012987,0.7362012987012987,0.7362012987012987,0.7362012987012987,0.7362012987012987,0.7362012987012987,0.7362012987012987,0.7362012987012987,0.7362012987012987,0.7362012987012987,0.7362012987012987,0.7362012987012987,0.7266929851199515,0.7171717171717172,0.7171717171717172,0.7171717171717172,0.7171717171717172,0.7171717171717172,0.7171717171717172,0.7171717171717172,0.7171717171717172,0.7171717171717172,0.7171717171717172,0.7171717171717172,0.7171717171717172,0.7171717171717172,0.7171717171717172,0.7171717171717172,0.707631817723561,0.707631817723561,0.6980676328502415,0.6980676328502415,0.6980676328502415,0.6980676328502415,0.6980676328502415,0.6980676328502415,0.6980676328502415,0.6980676328502415,0.6980676328502415,0.6980676328502415,0.6980676328502415,0.6980676328502415,0.6980676328502415,0.6980676328502415,0.6980676328502415,0.6980676328502415,0.6980676328502415,0.6980676328502415,0.6980676328502415,0.6980676328502415,0.6980676328502415,0.6980676328502415,0.6980676328502415,0.6980676328502415,0.6884735202492211,0.6884735202492211,0.6884735202492211,0.6884735202492211,0.6884735202492211,0.6884735202492211,0.6788438378161381,0.6788438378161381,0.6788438378161381,0.6884735202492211,0.6884735202492211,0.6884735202492211,0.6884735202492211,0.6884735202492211,0.6788438378161381,0.6788438378161381,0.6788438378161381,0.6788438378161381,0.6788438378161381,0.6788438378161381,0.6884735202492211,0.6884735202492211,0.6989160979526294,0.6989160979526294,0.6989160979526294,0.6989160979526294,0.6989160979526294,0.6989160979526294,0.6989160979526294,0.6989160979526294,0.6989160979526294,0.6989160979526294,0.6989160979526294,0.6989160979526294,0.6989160979526294,0.6989160979526294,0.6989160979526294,0.6989160979526294,0.6989160979526294,0.6989160979526294,0.6989160979526294,0.6989160979526294,0.6989160979526294,0.6989160979526294,0.6989160979526294,0.6989160979526294,0.6989160979526294,0.6989160979526294,0.6989160979526294,0.7092731829573935,0.6892230576441103,0.6892230576441103,0.6892230576441103,0.6892230576441103,0.6892230576441103,0.6995192307692308,0.6995192307692308,0.6892230576441103,0.6892230576441103,0.6892230576441103,0.6892230576441103,0.6897207486738064,0.6897207486738064,0.6897207486738064,0.6897207486738064,0.6897207486738064,0.6897207486738064,0.6897207486738064,0.6998799519807923,0.6998799519807923,0.68996899689969,0.68996899689969,0.68996899689969,0.68996899689969,0.6798719487795118,0.6699669966996697,0.6699669966996697,0.6699669966996697,0.6699669966996697,0.6699669966996697,0.6699669966996697,0.6699669966996697,0.6699669966996697,0.6699669966996697,0.6699669966996697,0.6699669966996697,0.6699669966996697,0.6699669966996697,0.6699669966996697,0.6699669966996697,0.6699669966996697,0.6699669966996697,0.6699669966996697,0.6699669966996697,0.6699669966996697,0.6699669966996697,0.6699669966996697,0.6699669966996697,0.6699669966996697,0.6699669966996697,0.6699669966996697,0.6699669966996697,0.6699669966996697,0.6699669966996697,0.6699669966996697,0.6699669966996697,0.6699669966996697,0.6699669966996697,0.6699669966996697,0.6699669966996697,0.6699669966996697,0.6699669966996697,0.6699669966996697,0.6699669966996697,0.6699669966996697,0.6699669966996697,0.6699669966996697,0.6699669966996697,0.6699669966996697,0.6699669966996697,0.6699669966996697,0.6699669966996697,0.6699669966996697,0.6699669966996697,0.6699669966996697,0.6699669966996697,0.6699669966996697,0.6699669966996697,0.6699669966996697,0.6699669966996697,0.6699669966996697,0.6699669966996697,0.68,0.68,0.68,0.68,0.68,0.68,0.68,0.68,0.68,0.68,0.68,0.68,0.68,0.68,0.68,0.68,0.68,0.68,0.68,0.68,0.68,0.68,0.68,0.68,0.68,0.68,0.68,0.68,0.68,0.68,0.68,0.68,0.68,0.68,0.68,0.68,0.68,0.68,0.68,0.68,0.68,0.68,0.68,0.68,0.68,0.68,0.68,0.68,0.68,0.68,0.68,0.68,0.68,0.68,0.68,0.68,0.68,0.68,0.68,0.68,0.68,0.68,0.68,0.68,0.68,0.68,0.68,0.68,0.68,0.68,0.68,0.68,0.68,0.68,0.68,0.68,0.68,0.68,0.68,0.68,0.68,0.68,0.68,0.68,0.68,0.68,0.68,0.68,0.68,0.68,0.68,0.68,0.68,0.68,0.68,0.68,0.68,0.68,0.68,0.68,0.68,0.68,0.68,0.68,0.68,0.68,0.68,0.68,0.68,0.68,0.68,0.68,0.68,0.68,0.68,0.68,0.68,0.68,0.68,0.68,0.68,0.68,0.68,0.68,0.68,0.68,0.68,0.68,0.68,0.68,0.68,0.68,0.68,0.68,0.68,0.68,0.68,0.6899689968996899,0.6899689968996899,0.6899689968996899,0.6899689968996899,0.6899689968996899,0.6899689968996899,0.6899689968996899,0.6899689968996899,0.6899689968996899,0.6899689968996899,0.6899689968996899,0.6899689968996899,0.6899689968996899,0.6899689968996899,0.6899689968996899,0.6899689968996899,0.6899689968996899,0.6899689968996899,0.6899689968996899,0.6899689968996899,0.6899689968996899,0.6899689968996899,0.6899689968996899,0.6899689968996899,0.6899689968996899,0.6899689968996899,0.6899689968996899,0.6899689968996899,0.6899689968996899,0.6899689968996899,0.6899689968996899,0.6899689968996899,0.6899689968996899,0.6899689968996899,0.6899689968996899,0.6899689968996899,0.6899689968996899,0.6899689968996899,0.6899689968996899,0.6899689968996899,0.6899689968996899,0.6899689968996899,0.6899689968996899,0.6899689968996899,0.6899689968996899,0.6899689968996899,0.6899689968996899,0.6899689968996899,0.6899689968996899,0.6899689968996899,0.6899689968996899,0.6899689968996899,0.6899689968996899,0.6899689968996899,0.6899689968996899,0.6899689968996899,0.6899689968996899,0.6899689968996899,0.6899689968996899,0.6899689968996899,0.6899689968996899,0.6899689968996899,0.6899689968996899,0.6899689968996899,0.6899689968996899,0.6899689968996899,0.6899689968996899,0.6899689968996899,0.6899689968996899,0.6899689968996899,0.6899689968996899,0.6899689968996899,0.6899689968996899,0.6899689968996899,0.6899689968996899,0.6899689968996899,0.6899689968996899,0.6899689968996899,0.6899689968996899,0.6899689968996899,0.6899689968996899,0.6899689968996899,0.6899689968996899,0.6899689968996899,0.6899689968996899,0.6899689968996899,0.6899689968996899,0.6899689968996899,0.6899689968996899,0.6899689968996899,0.6899689968996899,0.6899689968996899,0.6899689968996899,0.6899689968996899,0.6899689968996899,0.6899689968996899,0.6899689968996899,0.6899689968996899,0.6899689968996899,0.7,0.7,0.7,0.7,0.7,0.7,0.7,0.7,0.7,0.7,0.7,0.7,0.7,0.7,0.7,0.7,0.7,0.7,0.7,0.7,0.7,0.7,0.7,0.7,0.7,0.7,0.7,0.7,0.7,0.7,0.7,0.7,0.7,0.7,0.7,0.7,0.7,0.7,0.7,0.7,0.7,0.7,0.7,0.7,0.7,0.7,0.7,0.7,0.7,0.7,0.7,0.7,0.7,0.7,0.7,0.7,0.7,0.7,0.7,0.7,0.7,0.7,0.7,0.7,0.7,0.7,0.7,0.7,0.7,0.7,0.7,0.7,0.7,0.7,0.7,0.7,0.7,0.7,0.7,0.7,0.7,0.7,0.7,0.7,0.7,0.7,0.7,0.7,0.7,0.7,0.7,0.7,0.7,0.7,0.7,0.7,0.7,0.7,0.7,0.7,0.7,0.7,0.7,0.7,0.7,0.7,0.7,0.7,0.7,0.7,0.7,0.7,0.7,0.7,0.7,0.7,0.7,0.7,0.7,0.7,0.7,0.7,0.7,0.7,0.7,0.7,0.7,0.7,0.7,0.7,0.7,0.7,0.7,0.7,0.7,0.7,0.7,0.7,0.7,0.7,0.7,0.7,0.7,0.7,0.7,0.7,0.7,0.7,0.7,0.7,0.7,0.7,0.7,0.7,0.7,