{"allAttributes":0.7383252818035426,"bestAttributes":[0.358974358974359,0.358974358974359,0.358974358974359,0.358974358974359,0.358974358974359,0.358974358974359,0.358974358974359,0.358974358974359,0.358974358974359,0.358974358974359,0.358974358974359,0.358974358974359,0.358974358974359,0.358974358974359,0.358974358974359,0.358974358974359,0.358974358974359,0.358974358974359,0.358974358974359,0.358974358974359,0.358974358974359,0.358974358974359,0.358974358974359,0.358974358974359,0.358974358974359,0.358974358974359,0.358974358974359,0.358974358974359,0.358974358974359,0.358974358974359,0.358974358974359,0.358974358974359,0.358974358974359,0.358974358974359,0.358974358974359,0.358974358974359,0.358974358974359,0.358974358974359,0.358974358974359,0.358974358974359,0.358974358974359,0.358974358974359,0.358974358974359,0.358974358974359,0.358974358974359,0.358974358974359,0.358974358974359,0.358974358974359,0.358974358974359,0.358974358974359,0.358974358974359,0.358974358974359,0.358974358974359,0.358974358974359,0.358974358974359,0.358974358974359,0.358974358974359,0.358974358974359,0.358974358974359,0.358974358974359,0.358974358974359,0.358974358974359,0.358974358974359,0.358974358974359,0.358974358974359,0.358974358974359,0.358974358974359,0.358974358974359,0.358974358974359,0.358974358974359,0.358974358974359,0.358974358974359,0.358974358974359,0.358974358974359,0.358974358974359,0.358974358974359,0.358974358974359,0.358974358974359,0.358974358974359,0.358974358974359,0.38351254480286734,0.3742177722152691,0.3742177722152691,0.3742177722152691,0.3742177722152691,0.3742177722152691,0.3742177722152691,0.3742177722152691,0.3742177722152691,0.3742177722152691,0.3742177722152691,0.3742177722152691,0.3742177722152691,0.3742177722152691,0.3969298245614035,0.3969298245614035,0.3969298245614035,0.3969298245614035,0.3969298245614035,0.3969298245614035,0.41884038383565336,0.41884038383565336,0.41884038383565336,0.41884038383565336,0.41884038383565336,0.41333333333333333,0.41333333333333333,0.41333333333333333,0.41333333333333333,0.41333333333333333,0.41333333333333333,0.41333333333333333,0.41333333333333333,0.41333333333333333,0.41333333333333333,0.41333333333333333,0.41333333333333333,0.41333333333333333,0.41333333333333333,0.4078168180023687,0.4078168180023687,0.4078168180023687,0.4078168180023687,0.4078168180023687,0.4078168180023687,0.41333333333333333,0.41333333333333333,0.41333333333333333,0.41333333333333333,0.41333333333333333,0.41333333333333333,0.41333333333333333,0.41333333333333333,0.41333333333333333,0.41333333333333333,0.41333333333333333,0.41333333333333333,0.41333333333333333,0.4078168180023687,0.4078168180023687,0.4078168180023687,0.4078168180023687,0.4078168180023687,0.4078168180023687,0.4078168180023687,0.4078168180023687,0.3866666666666667,0.3814975654691407,0.3814975654691407,0.3814975654691407,0.3814975654691407,0.37629937629937626,0.37629937629937626,0.37629937629937626,0.37629937629937626,0.37629937629937626,0.37629937629937626,0.37629937629937626,0.37629937629937626,0.37629937629937626,0.37106918238993714,0.37106918238993714,0.37106918238993714,0.37106918238993714,0.37106918238993714,0.37106918238993714,0.37106918238993714,0.32885906040268453,0.32885906040268453,0.32885906040268453,0.32885906040268453,0.32885906040268453,0.32885906040268453,0.32885906040268453,0.32885906040268453,0.3742177722152691,0.3551783129359126,0.3551783129359126,0.3918097040140559,0.3969298245614035,0.41884038383565336,0.41884038383565336,0.41884038383565336,0.41884038383565336,0.41884038383565336,0.41884038383565336,0.3855799373040752,0.3855799373040752,0.3855799373040752,0.41333333333333333,0.41884038383565336,0.41333333333333333,0.3855799373040752,0.3855799373040752,0.4295634920634921,0.4737517648568862,0.44792050055207955,0.44147644487615345,0.46081504702194354,0.4672754946727549,0.4672754946727549,0.4672754946727549,0.4791666666666667,0.49699423383633906,0.49699423383633906,0.49699423383633906,0.49699423383633906,0.49699423383633906,0.49699423383633906,0.49699423383633906,0.49699423383633906,0.4900437105390967,0.483110950835437,0.483110950835437,0.483110950835437,0.483110950835437,0.4900437105390967,0.483110950835437,0.483110950835437,0.483110950835437,0.47619047619047616,0.47619047619047616,0.483110950835437,0.4928647246137516,0.4928647246137516,0.4928647246137516,0.4928647246137516,0.48574100046750823,0.48574100046750823,0.48574100046750823,0.48574100046750823,0.48574100046750823,0.48574100046750823,0.48574100046750823,0.5024875621890547,0.5024875621890547,0.5024875621890547,0.5024875621890547,0.5024875621890547,0.5024875621890547,0.4871794871794871,0.4871794871794871,0.4798733604703753,0.48003097687797325,0.3958333333333333,0.39816281279695914,0.392,0.392,0.392,0.392,0.392,0.3845500848896434,0.3845500848896434,0.39816281279695914,0.39816281279695914,0.39816281279695914,0.39816281279695914,0.39816281279695914,0.39816281279695914,0.39816281279695914,0.39816281279695914,0.39816281279695914,0.39816281279695914,0.39816281279695914,0.39816281279695914,0.39050021017234127,0.4037033162464694,0.4037033162464694,0.4037033162464694,0.4037033162464694,0.4037033162464694,0.4037033162464694,0.4037033162464694,0.4037033162464694,0.41666666666666663,0.41666666666666663,0.4115174443043295,0.4375000000000001,0.4246260069044879,0.4246260069044879,0.4246260069044879,0.4246260069044879,0.4246260069044879,0.4246260069044879,0.4246260069044879,0.4246260069044879,0.4246260069044879,0.4375000000000001,0.4375000000000001,0.44554869756250653,0.44039700137261106,0.44554869756250653,0.4375000000000001,0.4375000000000001,0.4375000000000001,0.4375000000000001,0.4375000000000001,0.41303676243435283,0.43253467843631777,0.45600000000000007,0.4714701758170641,0.4791666666666667,0.4791666666666667,0.4791666666666667,0.4714701758170641,0.4714701758170641,0.4714701758170641,0.4714701758170641,0.4714701758170641,0.47733333333333333,0.4637494637494637,0.44821731748726656,0.44821731748726656,0.4403970013726111,0.4246260069044879,0.43253467843631777,0.42301852414211966,0.411525974025974,0.44191814799503926,0.4455486975625066,0.4375,0.453551912568306,0.453551912568306,0.4252873563218391,0.4455486975625066,0.453551912568306,0.4455486975625066,0.4375,0.4565217391304348,0.4405452141186044,0.4373401534526854,0.44326348820730843,0.44326348820730843,0.44326348820730843,0.44326348820730843,0.46567194273616286,0.47474747474747475,0.47474747474747475,0.47474747474747475,0.47474747474747475,0.4967793880837359,0.44581280788177335,0.4791666666666667,0.45833333333333337,0.4664713882205252,0.47456914670029426,0.47456914670029426,0.47456914670029426,0.47456914670029426,0.47456914670029426,0.47456914670029426,0.47456914670029426,0.47456914670029426,0.47456914670029426,0.4664713882205252,0.4664713882205252,0.47456914670029426,0.47456914670029426,0.47456914670029426,0.47456914670029426,0.47456914670029426,0.47916666666666663,0.4664713882205252,0.47456914670029426,0.4694397283531409,0.45600000000000007,0.44821731748726656,0.45833333333333337,0.4499449944994499,0.4499449944994499,0.4499449944994499,0.45978391356542614,0.45978391356542614,0.45978391356542614,0.45978391356542614,0.45978391356542614,0.45978391356542614,0.45978391356542614,0.45978391356542614,0.45978391356542614,0.46994699469946993,0.4799999999999999,0.4799999999999999,0.48994899489948995,0.5095586027424682,0.4997999199679871,0.4997999199679871,0.4997999199679871,0.4997999199679871,0.48954058652787513,0.4997999199679871,0.48954058652787513,0.48954058652787513,0.4791666666666667,0.48954058652787513,0.48954058652787513,0.47979191676670674,0.48954058652787513,0.48954058652787513,0.48954058652787513,0.48954058652787513,0.4791666666666667,0.4781212364512244,0.46739021203899106,0.46739021203899106,0.46739021203899106,0.46739021203899106,0.46739021203899106,0.46739021203899106,0.4781212364512244,0.4781212364512244,0.4781212364512244,0.46739021203899106,0.46739021203899106,0.46739021203899106,0.46739021203899106,0.46739021203899106,0.4565217391304348,