{"allAttributes":0.7383252818035426,"bestAttributes":[0.6697027324592133,0.6794871794871795,0.6794871794871795,0.6794871794871795,0.6697027324592133,0.6697027324592133,0.6794871794871795,0.7,0.68996899689969,0.7,0.7198879551820729,0.7099709970997099,0.6989160979526294,0.7092731829573935,0.7092731829573935,0.6995192307692308,0.7097387648883995,0.6897207486738064,0.6998799519807923,0.6897207486738064,0.6998799519807923,0.68996899689969,0.68,0.6899689968996899,0.6899689968996899,0.6697027324592133,0.6798719487795117,0.66996699669967,0.66996699669967,0.66996699669967,0.66996699669967,0.66996699669967,0.66996699669967,0.66996699669967,0.66996699669967,0.6598639455782314,0.66996699669967,0.66996699669967,0.6598639455782314,0.6598639455782314,0.6598639455782314,0.6598639455782314,0.6697027324592133,0.6598639455782314,0.6598639455782314,0.6598639455782314,0.6598639455782314,0.6598639455782314,0.6598639455782314,0.6598639455782314,0.6598639455782314,0.66996699669967,0.66996699669967,0.68,0.68,0.6899689968996899,0.6899689968996899,0.6998799519807923,0.70997099709971,0.7,0.7,0.70997099709971,0.7,0.7,0.7,0.68996899689969,0.68,0.68,0.68996899689969,0.68996899689969,0.68,0.68,0.6899689968996899,0.6899689968996899,0.6899689968996899,0.6899689968996899,0.68,0.68,0.68,0.68,0.6899689968996899,0.7,0.7,0.7,0.7,0.7,0.7,0.6899689968996899,0.6899689968996899,0.6899689968996899,0.6899689968996899,0.6899689968996899,0.6899689968996899,0.6899689968996899,0.66996699669967,0.68,0.66996699669967,0.66996699669967,0.68,0.66996699669967,0.66996699669967,0.6691729323308271,0.6691729323308271,0.6788438378161381,0.6788438378161381,0.6691729323308271,0.6788438378161381,0.6788438378161381,0.6788438378161381,0.6884735202492211,0.6884735202492211,0.6884735202492211,0.6884735202492211,0.6884735202492211,0.6884735202492211,0.6884735202492211,0.6884735202492211,0.6788438378161381,0.6884735202492211,0.6788438378161381,0.6788438378161381,0.6892230576441103,0.6892230576441103,0.6892230576441103,0.6794871794871795,0.6892230576441103,0.6892230576441103,0.6892230576441103,0.6892230576441103,0.6892230576441103,0.6892230576441103,0.6892230576441103,0.6892230576441103,0.6892230576441103,0.6892230576441103,0.6892230576441103,0.6892230576441103,0.6892230576441103,0.6892230576441103,0.6892230576441103,0.6892230576441103,0.6892230576441103,0.6892230576441103,0.6892230576441103,0.6995192307692308,0.7097387648883995,0.7097387648883995,0.7097387648883995,0.6998799519807923,0.6998799519807923,0.6998799519807923,0.6998799519807923,0.6998799519807923,0.6998799519807923,0.6998799519807923,0.68996899689969,0.68996899689969,0.68,0.68,0.68,0.68,0.68,0.68,0.68,0.68,0.68,0.68,0.68,0.68,0.68,0.66996699669967,0.66996699669967,0.66996699669967,0.66996699669967,0.66996699669967,0.66996699669967,0.66996699669967,0.66996699669967,0.66996699669967,0.66996699669967,0.66996699669967,0.66996699669967,0.66996699669967,0.66996699669967,0.66996699669967,0.66996699669967,0.66996699669967,0.66996699669967,0.66996699669967,0.66996699669967,0.66996699669967,0.66996699669967,0.66996699669967,0.66996699669967,0.66996699669967,0.66996699669967,0.66996699669967,0.66996699669967,0.66996699669967,0.66996699669967,0.68,0.68,0.68,0.68,0.68,0.68,0.68,0.68,0.6899689968996899,0.6899689968996899,0.6899689968996899,0.6899689968996899,0.6899689968996899,0.6899689968996899,0.6899689968996899,0.6899689968996899,0.7,0.7,0.7,0.7,0.7,0.7,0.7,0.7,0.7,0.6899689968996899,0.6899689968996899,0.6899689968996899,0.6899689968996899,0.6899689968996899,0.6899689968996899,0.6899689968996899,0.6899689968996899,0.6899689968996899,0.6899689968996899,0.6899689968996899,0.6899689968996899,0.6899689968996899,0.6899689968996899,0.6899689968996899,0.6899689968996899,0.6899689968996899,0.6899689968996899,0.6899689968996899,0.6899689968996899,0.6899689968996899,0.6899689968996899,0.6899689968996899,0.6899689968996899,0.6899689968996899,0.6899689968996899,0.7,0.7,0.7,0.7,0.7,0.7,0.7,0.7,0.7,0.7,0.7,0.7,0.6899689968996899,0.7,0.7,0.7,0.7,0.7,0.7,0.7,0.7,0.7,0.7,0.7,0.7,0.7,0.7,0.7,0.7,0.7,0.7,0.7,0.7,0.7,0.7,0.7,0.7,0.7,0.7,0.7,0.7,0.7,0.7,0.7,0.7,0.7,0.7,0.7,0.7,0.7,0.7,0.7,0.7,0.7,0.7,0.7,0.7,0.7,0.7,0.7,0.7,0.7,0.7,0.7,0.7,0.7,0.7099709970997099,0.7099709970997099,0.7099709970997099,0.7099709970997099,0.7099709970997099,0.7099709970997099,0.7099709970997099,0.7099709970997099,0.7099709970997099,0.7099709970997099,0.7099709970997099,0.7099709970997099,0.7099709970997099,0.7099709970997099,0.7099709970997099,0.7099709970997099,0.7099709970997099,0.7099709970997099,0.7099709970997099,0.7200000000000001,0.7200000000000001,0.7200000000000001,0.7200000000000001,0.7200000000000001,0.7200000000000001,0.7200000000000001,0.7200000000000001,0.7200000000000001,0.7200000000000001,0.7200000000000001,0.7200000000000001,0.7200000000000001,0.7200000000000001,0.7200000000000001,0.7200000000000001,0.7200000000000001,0.7200000000000001,0.7200000000000001,0.7200000000000001,0.7200000000000001,0.7200000000000001,0.7200000000000001,0.7200000000000001,0.7200000000000001,0.7200000000000001,0.7200000000000001,0.7200000000000001,0.7200000000000001,0.7200000000000001,0.7200000000000001,0.7200000000000001,0.7200000000000001,0.7200000000000001,0.7200000000000001,0.7200000000000001,0.7200000000000001,0.7200000000000001,0.7200000000000001,0.7200000000000001,0.7200000000000001,0.7200000000000001,0.7200000000000001,0.7200000000000001,0.7200000000000001,0.7200000000000001,0.7200000000000001,0.7200000000000001,0.7200000000000001,0.7200000000000001,0.7200000000000001,0.7200000000000001,0.7200000000000001,0.7200000000000001,0.7200000000000001,0.7099709970997099,0.7099709970997099,0.7200000000000001,0.7200000000000001,0.7200000000000001,0.7099709970997099,0.7099709970997099,0.7099709970997099,0.7099709970997099,0.7099709970997099,0.7099709970997099,0.7099709970997099,0.7099709970997099,0.7099709970997099,0.7099709970997099,0.7099709970997099,0.7099709970997099,0.7099709970997099,0.7099709970997099,0.7099709970997099,0.7099709970997099,0.7099709970997099,0.7099709970997099,0.7099709970997099,0.7099709970997099,0.7099709970997099,0.7099709970997099,0.7099709970997099,0.7099709970997099,0.7099709970997099,0.7099709970997099,0.7099709970997099,0.7099709970997099,0.7,0.7,0.7,0.7,0.7,0.7,0.7,0.7,0.7,0.7,0.7,0.7,0.7,0.7,0.7,0.7,0.7,0.7,0.7,0.7,0.7,0.7,0.7,0.7,0.7,0.7,0.7,0.7,0.7,0.7,0.7,0.7,0.7,0.7,0.7,0.7,0.7,0.7,0.7,0.7,0.7,0.7,0.7,0.7,0.7,0.7,0.7,0.7,0.7,0.7,0.7,0.7,0.7,0.7,0.7,0.7,0.7,0.7,0.7,0.7,0.7,0.7,0.7,0.7,0.7,0.7,0.7,0.7,0.7,0.7,0.7,0.7,0.7,0.7,0.7,0.7,0.7,0.68996899689969,0.68996899689969,0.68996899689969,0.68996899689969,0.68996899689969,0.68996899689969,0.68996899689969,0.68996899689969,0.68996899689969,0.68996899689969,0.68996899689969,0.6998799519807923,0.6998799519807923,0.6998799519807923,0.6998799519807923,0.6998799519807923,0.6998799519807923,0.6998799519807923,0.6998799519807923,0.6998799519807923,0.6998799519807923,0.6998799519807923,0.6998799519807923,0.6998799519807923,0.6998799519807923,0.6998799519807923,0.6998799519807923,0.6998799519807923,0.6998799519807923,0.6998799519807923,0.6998799519807923,0.6998799519807923,0.6998799519807923,0.6998799519807923,0.6998799519807923,0.6998799519807923,0.6998799519807923,0.6998799519807923,0.6998799519807923,0.6998799519807923,0.6998799519807923,0.6998799519807923,0.6998799519807923,0.6998799519807923,0.6998799519807923,0.6998799519807923,0.6998799519807923,0.6998799519807923,0.6998799519807923,0.6998799519807923,0.6998799519807923,0.6998799519807923,0.6998799519807923,0.6998799519807923,0.6998799519807923,0.6998799519807923,0.6998799519807923,0.6998799519807923,0.6998799519807923,0.6998799519807923,0.6998799519807923,0.6998799519807923,0.6998799519807923,0.6998799519807923,0.6998799519807923,0.6998799519807923,0.6998799519807923,0.6998799519807923,0.6998799519807923,0.6998799519807923,0.6998799519807923,0.6998799519807923,0.6998799519807923,0.6998799519807923,0.6998799519807923,0.6998799519807923,0.6998799519807923,0.6998799519807923,