{"allAttributes":0.7383252818035426,"bestAttributes":[0.358974358974359,0.358974358974359,0.4106583072100314,0.45211038961038963,0.4192799070847851,0.41666666666666663,0.4285714285714286,0.4542271650705385,0.4027735600769309,0.49269480519480524,0.49269480519480524,0.4608890245142915,0.5039983804028748,0.5383380168606985,0.5166036149642708,0.5037482842360891,0.5331465919701215,0.5384615384615384,0.5305164319248826,0.5305164319248826,0.5280995280995281,0.52,0.52,0.52,0.5118845500848896,0.5118845500848896,0.533106960950764,0.533106960950764,0.5416666666666667,0.5376208490962588,0.5083167695365624,0.5166036149642708,0.5166036149642708,0.5039272426622572,0.5123975516132379,0.5039272426622572,0.5,0.5083167695365624,0.5083167695365624,0.5083167695365624,0.5452666391070691,0.5829518868884143,0.5647332725984411,0.5829518868884143,0.58497823666363,0.6052232007288187,0.5941558441558441,0.6394230769230769,0.6398559423769508,0.629666700030027,0.6496847162446202,0.6496847162446202,0.6594551282051282,0.6496847162446202,0.6594551282051282,0.6594551282051282,0.6594551282051282,0.6697027324592133,0.6598639455782312,0.6697027324592133,0.6598639455782312,0.6794871794871795,0.6697027324592133,0.6697027324592133,0.6697027324592133,0.6697027324592133,0.6794871794871795,0.6794871794871795,0.6794871794871795,0.6794871794871795,0.6892230576441103,0.6788438378161381,0.6788438378161381,0.6691729323308271,0.6691729323308271,0.6691729323308271,0.6691729323308271,0.6691729323308271,0.6691729323308271,0.6884735202492211,0.6788438378161381,0.6788438378161381,0.6892230576441103,0.6892230576441103,0.6892230576441103,0.6892230576441103,0.6892230576441103,0.6892230576441103,0.6892230576441103,0.6892230576441103,0.6892230576441103,0.6897207486738064,0.6897207486738064,0.7189883580891208,0.7189883580891208,0.7085720028137874,0.7085720028137874,0.6989160979526294,0.6989160979526294,0.6989160979526294,0.6989160979526294,0.6989160979526294,0.7092731829573935,0.7092731829573935,0.7189883580891208,0.7171717171717172,0.7064480210547626,0.6956168831168831,0.6956168831168831,0.7171717171717172,0.7286704853783539,0.7383252818035426,0.7286704853783539,0.7383252818035426,0.7383252818035426,0.7383252818035426,0.7383252818035426,0.7383252818035426,0.7383252818035426,0.7286704853783539,0.7286704853783539,0.7286704853783539,0.7286704853783539,0.7189883580891208,0.7390606182256123,0.7293233082706767,0.7390606182256123,0.7293233082706767,0.7189883580891208,0.7189883580891208,0.7189883580891208,0.7189883580891208,0.7189883580891208,0.7092731829573935,0.7092731829573935,0.7092731829573935,0.6995192307692308,0.6995192307692308,0.6995192307692308,0.6995192307692308,0.7092731829573935,0.7092731829573935,0.7092731829573935,0.7092731829573935,0.7092731829573935,0.6995192307692308,0.6995192307692308,0.7092731829573935,0.7092731829573935,0.7092731829573935,0.7189883580891208,0.7189883580891208,0.7189883580891208,0.7189883580891208,0.7189883580891208,0.7189883580891208,0.7189883580891208,0.7189883580891208,0.7189883580891208,0.7189883580891208,0.7189883580891208,0.7189883580891208,0.7189883580891208,0.6892230576441103,0.6892230576441103,0.6794871794871795,0.6794871794871795,0.6897207486738064,0.6897207486738064,0.6798719487795118,0.6798719487795118,0.6798719487795118,0.6798719487795118,0.6798719487795118,0.6798719487795118,0.6798719487795118,0.6798719487795118,0.6798719487795118,0.6798719487795118,0.6798719487795118,0.6798719487795118,0.6798719487795118,0.6798719487795118,0.6798719487795118,0.6699669966996697,0.6699669966996697,0.6699669966996697,0.6699669966996697,0.6699669966996697,0.6699669966996697,0.6699669966996697,0.6699669966996697,0.6599999999999999,0.6599999999999999,0.6699669966996697,0.6699669966996697,0.6699669966996697,0.6699669966996697,0.6699669966996697,0.6699669966996697,0.6699669966996697,0.6699669966996697,0.68,0.66996699669967,0.68,0.68,0.66996699669967,0.66996699669967,0.66996699669967,0.66996699669967,0.66996699669967,0.66996699669967,0.6598639455782314,0.66996699669967,0.66996699669967,0.66996699669967,0.68996899689969,0.68996899689969,0.68996899689969,0.6697027324592133,0.6697027324592133,0.6697027324592133,0.6697027324592133,0.6794871794871795,0.6794871794871795,0.6794871794871795,0.6794871794871795,0.6794871794871795,0.6794871794871795,0.6794871794871795,0.6794871794871795,0.6794871794871795,0.6794871794871795,0.6794871794871795,0.6794871794871795,0.6794871794871795,0.6794871794871795,0.6794871794871795,0.6794871794871795,0.6794871794871795,0.6794871794871795,0.6794871794871795,0.6794871794871795,0.6794871794871795,0.6794871794871795,0.6794871794871795,0.6794871794871795,0.6794871794871795,0.6794871794871795,0.6794871794871795,0.6794871794871795,0.6794871794871795,0.6794871794871795,0.6794871794871795,0.6794871794871795,0.6794871794871795,0.6794871794871795,0.6794871794871795,0.6794871794871795,0.6794871794871795,0.6794871794871795,0.6794871794871795,0.6794871794871795,0.6794871794871795,0.6794871794871795,0.6794871794871795,0.6794871794871795,0.6794871794871795,0.6697027324592133,0.6691729323308271,0.6691729323308271,0.6691729323308271,0.6691729323308271,0.6691729323308271,0.6691729323308271,0.6691729323308271,0.6691729323308271,0.6691729323308271,0.6691729323308271,0.6594551282051282,0.6594551282051282,0.6594551282051282,0.6496847162446202,0.6496847162446202,0.6496847162446202,0.6496847162446202,0.6496847162446202,0.6496847162446202,0.6594551282051282,0.6594551282051282,0.6594551282051282,0.6594551282051282,0.6594551282051282,0.6594551282051282,0.6594551282051282,0.6496847162446202,0.6496847162446202,0.6496847162446202,0.6496847162446202,0.6496847162446202,0.6496847162446202,0.6496847162446202,0.6496847162446202,0.6496847162446202,0.6290726817042607,0.6290726817042607,0.6290726817042607,0.6290726817042607,0.6290726817042607,0.6290726817042607,0.6290726817042607,0.6290726817042607,0.6290726817042607,0.6290726817042607,0.6290726817042607,0.6290726817042607,0.6290726817042607,0.6290726817042607,0.6290726817042607,0.6290726817042607,0.6290726817042607,0.6290726817042607,0.6290726817042607,0.6290726817042607,0.6290726817042607,0.6290726817042607,0.6290726817042607,0.6290726817042607,0.6290726817042607,0.6290726817042607,0.6290726817042607,0.6290726817042607,0.6290726817042607,0.6290726817042607,0.6290726817042607,0.6290726817042607,0.6290726817042607,0.6290726817042607,0.6290726817042607,0.6290726817042607,0.6290726817042607,0.618627057406664,0.618627057406664,0.618627057406664,0.618627057406664,0.618627057406664,0.618627057406664,0.618627057406664,0.618627057406664,0.618627057406664,0.618627057406664,0.618627057406664,0.618627057406664,0.618627057406664,0.618627057406664,0.618627057406664,0.618627057406664,0.618627057406664,0.618627057406664,0.618627057406664,0.618627057406664,0.618627057406664,0.618627057406664,0.618627057406664,0.618627057406664,0.618627057406664,0.618627057406664,0.628178072555522,0.628178072555522,0.628178072555522,0.628178072555522,0.628178072555522,0.628178072555522,0.628178072555522,0.628178072555522,0.628178072555522,0.628178072555522,0.6376811594202898,0.6376811594202898,0.6376811594202898,0.6376811594202898,0.6376811594202898,0.6376811594202898,0.6376811594202898,0.6376811594202898,0.6376811594202898,0.6376811594202898,0.6376811594202898,0.6376811594202898,0.6376811594202898,0.6376811594202898,0.6376811594202898,0.6376811594202898,0.6376811594202898,0.6376811594202898,0.6376811594202898,0.6376811594202898,0.6376811594202898,0.6376811594202898,0.6376811594202898,0.6376811594202898,0.6376811594202898,0.6376811594202898,0.6376811594202898,0.6376811594202898,0.6376811594202898,0.6376811594202898,0.6376811594202898,0.6376811594202898,0.6376811594202898,0.6376811594202898,0.6376811594202898,0.6376811594202898,0.6376811594202898,0.6376811594202898,0.6376811594202898,0.6376811594202898,0.6376811594202898,0.6376811594202898,0.6376811594202898,0.6376811594202898,0.6376811594202898,0.6376811594202898,0.6376811594202898,0.6376811594202898,0.6376811594202898,