{"allAttributes":0.7383252818035426,"bestAttributes":[0.6189887756152817,0.6892230576441103,0.6386993175431553,0.6892230576441103,0.7198879551820729,0.6995192307692308,0.7092731829573935,0.7092731829573935,0.6995192307692308,0.7092731829573935,0.6995192307692308,0.6897207486738064,0.6995192307692308,0.6897207486738064,0.6995192307692308,0.6995192307692308,0.6995192307692308,0.6995192307692308,0.6995192307692308,0.6897207486738064,0.6995192307692308,0.6995192307692308,0.6995192307692308,0.6897207486738064,0.6897207486738064,0.6897207486738064,0.6897207486738064,0.6897207486738064,0.6897207486738064,0.6897207486738064,0.6897207486738064,0.6897207486738064,0.6897207486738064,0.6897207486738064,0.6897207486738064,0.6897207486738064,0.6897207486738064,0.6897207486738064,0.6897207486738064,0.6897207486738064,0.6897207486738064,0.6897207486738064,0.6897207486738064,0.6897207486738064,0.6897207486738064,0.6897207486738064,0.6897207486738064,0.6897207486738064,0.6897207486738064,0.6897207486738064,0.6897207486738064,0.6897207486738064,0.6897207486738064,0.6897207486738064,0.6897207486738064,0.6897207486738064,0.6897207486738064,0.6897207486738064,0.6995192307692308,0.6897207486738064,0.6897207486738064,0.6897207486738064,0.6897207486738064,0.6995192307692308,0.6995192307692308,0.6995192307692308,0.6995192307692308,0.6995192307692308,0.6995192307692308,0.6995192307692308,0.6995192307692308,0.6995192307692308,0.6995192307692308,0.6995192307692308,0.6995192307692308,0.6995192307692308,0.6995192307692308,0.6995192307692308,0.6897207486738064,0.6995192307692308,0.6897207486738064,0.6897207486738064,0.6995192307692308,0.6995192307692308,0.6995192307692308,0.6995192307692308,0.6995192307692308,0.6995192307692308,0.6995192307692308,0.6995192307692308,0.6995192307692308,0.6995192307692308,0.6995192307692308,0.6995192307692308,0.6995192307692308,0.6995192307692308,0.6995192307692308,0.6995192307692308,0.6995192307692308,0.6995192307692308,0.6995192307692308,0.6995192307692308,0.6995192307692308,0.6995192307692308,0.6995192307692308,0.6995192307692308,0.6995192307692308,0.6995192307692308,0.6995192307692308,0.6995192307692308,0.6995192307692308,0.6995192307692308,0.6995192307692308,0.6995192307692308,0.6995192307692308,0.6995192307692308,0.6995192307692308,0.6995192307692308,0.6995192307692308,0.6995192307692308,0.6995192307692308,0.6995192307692308,0.6995192307692308,0.6995192307692308,0.6995192307692308,0.6995192307692308,0.6995192307692308,0.6995192307692308,0.6995192307692308,0.6995192307692308,0.6995192307692308,0.6995192307692308,0.6995192307692308,0.6995192307692308,0.6995192307692308,0.6995192307692308,0.6995192307692308,0.6995192307692308,0.6995192307692308,0.6995192307692308,0.6995192307692308,0.6995192307692308,0.6995192307692308,0.6995192307692308,0.6995192307692308,0.6995192307692308,0.6995192307692308,0.6995192307692308,0.6995192307692308,0.6995192307692308,0.6995192307692308,0.6995192307692308,0.6995192307692308,0.6995192307692308,0.6995192307692308,0.6995192307692308,0.6995192307692308,0.6995192307692308,0.6995192307692308,0.6995192307692308,0.6995192307692308,0.6995192307692308,0.6995192307692308,0.6995192307692308,0.6995192307692308,0.6995192307692308,0.6995192307692308,0.6995192307692308,0.6995192307692308,0.6995192307692308,0.6995192307692308,0.6995192307692308,0.6995192307692308,0.6995192307692308,0.6995192307692308,0.6995192307692308,0.6995192307692308,0.6995192307692308,0.6995192307692308,0.6995192307692308,0.6995192307692308,0.6995192307692308,0.6995192307692308,0.6995192307692308,0.6995192307692308,0.6995192307692308,0.6995192307692308,0.6995192307692308,0.6995192307692308,0.6995192307692308,0.6995192307692308,0.6995192307692308,0.6995192307692308,0.6995192307692308,0.6995192307692308,0.6995192307692308,0.6995192307692308,0.6995192307692308,0.6995192307692308,0.6995192307692308,0.6995192307692308,0.6995192307692308,0.6995192307692308,0.6995192307692308,0.6995192307692308,0.6995192307692308,0.6995192307692308,0.6995192307692308,0.6995192307692308,0.6995192307692308,0.6995192307692308,0.6995192307692308,0.6995192307692308,0.6995192307692308,0.6995192307692308,0.6995192307692308,0.6995192307692308,0.6995192307692308,0.6995192307692308,0.6995192307692308,0.6995192307692308,0.6995192307692308,0.6995192307692308,0.6995192307692308,0.6995192307692308,0.6995192307692308,0.6995192307692308,0.6995192307692308,0.6995192307692308,0.6995192307692308,0.6995192307692308,0.6995192307692308,0.6995192307692308,0.6995192307692308,0.6995192307692308,0.6995192307692308,0.6995192307692308,0.6995192307692308,0.6995192307692308,0.6995192307692308,0.6995192307692308,0.6995192307692308,0.6995192307692308,0.6995192307692308,0.6995192307692308,0.6995192307692308,0.6995192307692308,0.6995192307692308,0.6995192307692308,0.6995192307692308,0.6995192307692308,0.6995192307692308,0.6995192307692308,0.6995192307692308,0.6995192307692308,0.6995192307692308,0.6995192307692308,0.6995192307692308,0.6995192307692308,0.6995192307692308,0.6995192307692308,0.6995192307692308,0.6995192307692308,0.6995192307692308,0.6995192307692308,0.6995192307692308,0.6995192307692308,0.6995192307692308,0.6995192307692308,0.6995192307692308,0.6995192307692308,0.6995192307692308,0.6995192307692308,0.6995192307692308,0.6995192307692308,0.7099709970997099,0.7099709970997099,0.7099709970997099,0.7099709970997099,0.7099709970997099,0.7099709970997099,0.6998799519807923,0.6998799519807923,0.6998799519807923,0.6998799519807923,0.6998799519807923,0.6998799519807923,0.6998799519807923,0.6998799519807923,0.6998799519807923,0.6998799519807923,0.6998799519807923,0.6998799519807923,0.6998799519807923,0.6998799519807923,0.6998799519807923,0.6998799519807923,0.6998799519807923,0.6998799519807923,0.6998799519807923,0.6998799519807923,0.6998799519807923,0.6998799519807923,0.6998799519807923,0.6998799519807923,0.6998799519807923,0.6998799519807923,0.6998799519807923,0.6998799519807923,0.6998799519807923,0.6998799519807923,0.6998799519807923,0.6998799519807923,0.6998799519807923,0.6998799519807923,0.6998799519807923,0.6998799519807923,0.6998799519807923,0.6998799519807923,0.6998799519807923,0.6998799519807923,0.6998799519807923,0.6998799519807923,0.6998799519807923,0.6998799519807923,0.68996899689969,0.68996899689969,0.68996899689969,0.6998799519807923,0.68996899689969,0.68996899689969,0.68996899689969,0.68996899689969,0.68996899689969,0.68996899689969,0.68996899689969,0.68996899689969,0.68996899689969,0.68996899689969,0.68996899689969,0.68996899689969,0.68996899689969,0.68996899689969,0.68996899689969,0.68996899689969,0.68996899689969,0.68996899689969,0.68996899689969,0.68996899689969,0.68996899689969,0.68996899689969,0.68996899689969,0.68996899689969,0.68996899689969,0.68996899689969,0.68996899689969,0.68996899689969,0.68996899689969,0.68996899689969,0.68996899689969,0.68996899689969,0.68996899689969,0.68996899689969,0.68996899689969,0.68996899689969,0.68996899689969,0.68996899689969,0.68996899689969,0.68996899689969,0.68996899689969,0.68996899689969,0.68996899689969,0.68996899689969,0.68996899689969,0.68996899689969,0.68996899689969,0.68996899689969,0.68996899689969,0.68996899689969,0.68996899689969,0.68996899689969,0.68996899689969,0.68996899689969,0.68996899689969,0.68996899689969,0.68996899689969,0.68,0.68,0.68,0.68,0.68,0.68,0.68,0.68,0.68,0.68996899689969,0.68996899689969,0.68996899689969,0.68996899689969,0.68996899689969,0.68996899689969,0.68996899689969,0.68996899689969,0.68996899689969,0.68996899689969,0.68996899689969,0.68996899689969,0.68996899689969,0.68996899689969,0.68996899689969,0.68996899689969,0.68996899689969,0.68996899689969,0.68996899689969,0.68996899689969,0.68996899689969,0.68996899689969,0.68996899689969,0.68,0.68,0.68,0.68,0.68,0.68,0.68,0.68,0.68996899689969,0.68996899689969,0.68996899689969,0.68996899689969,0.68996899689969,0.68996899689969,0.68996899689969,0.68996899689969,0.68996899689969,0.68996899689969,0.68996899689969,0.68996899689969,0.68996899689969,0.68996899689969,0.66996699669967,