{"allAttributes":0.7144022847817217,"bestAttributes":[0.6578099838969405,0.6398559423769508,0.6683750376846548,0.6779388083735911,0.6587715776796468,0.6779388083735911,0.696969696969697,0.7159090909090908,0.7253585596582239,0.7237851662404091,0.7237851662404091,0.7033248081841432,0.7564935064935066,0.7331691297208538,0.7575757575757576,0.7660461804495982,0.7362012987012987,0.7777777777777777,0.7564935064935066,0.7767857142857143,0.7767857142857143,0.7863899908452853,0.8164014687882497,0.7960016319869441,0.767182913250329,0.7681217864704104,0.7851662404092072,0.8067338012409724,0.767182913250329,0.7874278773155178,0.7882851093860268,0.8076728413807066,0.797979797979798,0.7777777777777777,0.8173701298701299,0.7874278773155178,0.767182913250329,0.797979797979798,0.797077922077922,0.8181818181818182,0.797979797979798,0.7681217864704104,0.7874278773155178,0.7863899908452853,0.7777777777777777,0.7837503861600248,0.7756017951856385,0.7777777777777777,0.8270776116366595,0.8181818181818182,0.7863899908452853,0.7777777777777777,0.7874278773155178,0.7874278773155178,0.7647058823529411,0.7863899908452853,0.7552019583843329,0.797077922077922,0.745702370053911,0.7756017951856385,0.8076728413807066,0.7631551848419318,0.7960016319869441,0.7863899908452853,0.8067338012409724,0.7564935064935066,0.797077922077922,0.8076728413807066,0.7851662404092072,0.7767857142857143,0.8043455874781176,0.7756017951856385,0.8076728413807066,0.8056265984654732,0.7863899908452853,0.797077922077922,0.7863899908452853,0.7960016319869441,0.7882851093860268,0.767182913250329,0.7777777777777777,0.7863899908452853,0.8152709359605911,0.7777777777777777,0.7777777777777777,0.797077922077922,0.7851662404092072,0.8043455874781176,0.794745484400657,0.7767857142857143,0.794745484400657,0.8376623376623377,0.794745484400657,0.8164014687882497,0.7960016319869441,0.797979797979798,0.7851662404092072,0.794745484400657,0.7863899908452853,0.8279178054458953,0.8076728413807066,0.8084484323016434,0.7960016319869441,0.7851662404092072,0.8067338012409724,0.7933030177759405,0.8067338012409724,0.7756017951856385,0.797077922077922,0.797077922077922,0.7564935064935066,0.7564935064935066,0.7960016319869441,0.8173701298701299,0.7863899908452853,0.8056265984654732,0.794745484400657,0.7851662404092072,0.7742200328407225,0.8164014687882497,0.7613860358958398,0.7647058823529411,0.8279178054458953,0.7647058823529411,0.7960016319869441,0.8056265984654732,0.7742200328407225,0.797077922077922,0.7469379491851402,0.8067338012409724,0.7406369955389562,0.797077922077922,0.797979797979798,0.8067338012409724,0.8076728413807066,0.8173701298701299,0.8164014687882497,0.7851662404092072,0.8084484323016434,0.7767857142857143,0.7874278773155178,0.745702370053911,0.7564935064935066,0.7767857142857143,0.7647058823529411,0.7863899908452853,0.7552019583843329,0.7536945812807881,0.794745484400657,0.7742200328407225,0.7660461804495982,0.794745484400657,0.767182913250329,0.7863899908452853,0.7660461804495982,0.7863899908452853,0.767182913250329,0.797077922077922,0.797077922077922,0.8279178054458953,0.797979797979798,0.8279178054458953,0.797077922077922,0.7756017951856385,0.7756017951856385,0.7851662404092072,0.7874278773155178,0.7882851093860268,0.7882851093860268,0.797979797979798,0.7348021215830273,0.7863899908452853,0.8084484323016434,0.8173701298701299,0.797979797979798,0.7863899908452853,0.7756017951856385,0.8181818181818182,0.745702370053911,0.7647058823529411,0.7660461804495982,0.7874278773155178,0.7863899908452853,0.797077922077922,0.7536945812807881,0.7863899908452853,0.7631551848419318,0.8279178054458953,0.8164014687882497,0.8056265984654732,0.8173701298701299,0.7348021215830273,0.7756017951856385,0.7777777777777777,0.8090644156366195,0.7863899908452853,0.7756017951856385,0.7882851093860268,0.7851662404092072,0.7851662404092072,0.7874278773155178,0.7863899908452853,0.797077922077922,0.8056265984654732,0.7660461804495982,0.7681217864704104,0.7882851093860268,0.7767857142857143,0.7442455242966752,0.7767857142857143,0.7863899908452853,0.7882851093860268,0.7987117552334944,0.7564935064935066,0.7874278773155178,0.794745484400657,0.7681217864704104,0.7882851093860268,0.7777777777777777,0.7851662404092072,0.7767857142857143,0.7552019583843329,0.7960016319869441,0.7756017951856385,0.794745484400657,0.745702370053911,0.794745484400657,0.7777777777777777,0.7874278773155178,0.8056265984654732,0.8067338012409724,0.8173701298701299,0.7777777777777777,0.7874278773155178,0.7726333195535344,0.7933030177759405,0.7756017951856385,0.7726333195535344,0.868407733576273,0.797979797979798,0.7756017951856385,0.7660461804495982,0.7442455242966752,0.7874278773155178,0.794745484400657,0.8076728413807066,0.7756017951856385,0.7647058823529411,0.8164014687882497,0.7767857142857143,0.7552019583843329,0.8067338012409724,0.7851662404092072,0.7742200328407225,0.7960016319869441,0.8173701298701299,0.7863899908452853,0.8056265984654732,0.8056265984654732,0.7851662404092072,0.7863899908452853,0.797077922077922,0.7442455242966752,0.7933030177759405,0.7960016319869441,0.8173701298701299,0.7756017951856385,0.7613860358958398,0.8279178054458953,0.8067338012409724,0.7552019583843329,0.7756017951856385,0.7863899908452853,0.797077922077922,0.8056265984654732,0.7851662404092072,0.767182913250329,0.7742200328407225,0.7863899908452853,0.797077922077922,0.8067338012409724,0.7837503861600248,0.8076728413807066,0.7960016319869441,0.7851662404092072,0.7756017951856385,0.797077922077922,0.8056265984654732,0.7851662404092072,0.7660461804495982,0.8181818181818182,0.7767857142857143,0.7960016319869441,0.7851662404092072,0.7647058823529411,0.7863899908452853,0.8152709359605911,0.7851662404092072,0.7851662404092072,0.7660461804495982,0.7767857142857143,0.7863899908452853,0.7742200328407225,0.7756017951856385,0.7960016319869441,0.767182913250329,0.797077922077922,0.797077922077922,0.7756017951856385,0.8173701298701299,0.7219647822057461,0.7660461804495982,0.7767857142857143,0.7863899908452853,0.7756017951856385,0.818840579710145,0.794745484400657,0.7198879551820728,0.794745484400657,0.7863899908452853,0.7777777777777777,0.7851662404092072,0.8383838383838385,0.7837503861600248,0.7874278773155178,0.7756017951856385,0.7882851093860268,0.8076728413807066,0.7767857142857143,0.7681217864704104,0.7564935064935066,0.7660461804495982,0.7874278773155178,0.7785829307568437,0.745702370053911,0.8076728413807066,0.7564935064935066,0.797979797979798,0.7960016319869441,0.7882851093860268,0.797077922077922,0.7536945812807881,0.7575757575757576,0.8181818181818182,0.8067338012409724,0.7882851093860268,0.7660461804495982,0.7536945812807881,0.7863899908452853,0.7681217864704104,0.7564935064935066,0.7660461804495982,0.7785829307568437,0.7237851662404091,0.7536945812807881,0.767182913250329,0.7681217864704104,0.7837503861600248,0.7647058823529411,0.745702370053911,0.745702370053911,0.7874278773155178,0.7469379491851402,0.7874278773155178,0.8056265984654732,0.7777777777777777,0.7373737373737375,0.7362012987012987,0.7469379491851402,0.7756017951856385,0.7631551848419318,0.797077922077922,0.7767857142857143,0.7863899908452853,0.7660461804495982,0.797979797979798,0.7767857142857143,0.7874278773155178,0.7863899908452853,0.7647058823529411,0.7960016319869441,0.7469379491851402,0.7575757575757576,0.7660461804495982,0.767182913250329,0.7767857142857143,0.7767857142857143,0.7777777777777777,0.7536945812807881,0.8056265984654732,0.797077922077922,0.7863899908452853,0.7889659330720531,0.7660461804495982,0.7660461804495982,0.7266929851199515,0.8043455874781176,0.7575757575757576,0.7756017951856385,0.7469379491851402,0.7681217864704104,0.7874278773155178,0.797979797979798,0.7863899908452853,0.7767857142857143,0.7960016319869441,0.7536945812807881,0.767182913250329,0.8067338012409724,0.7767857142857143,0.745702370053911,0.7777777777777777,0.7777777777777777,0.7882851093860268,0.767182913250329,0.7564935064935066,0.7767857142857143,0.797979797979798,0.767182913250329,0.7584541062801933,0.767182913250329,0.7863899908452853,