{"allAttributes":0.7144022847817217,"bestAttributes":[0.358974358974359,0.358974358974359,0.358974358974359,0.358974358974359,0.358974358974359,0.358974358974359,0.358974358974359,0.358974358974359,0.358974358974359,0.358974358974359,0.358974358974359,0.358974358974359,0.358974358974359,0.358974358974359,0.358974358974359,0.358974358974359,0.358974358974359,0.358974358974359,0.358974358974359,0.358974358974359,0.358974358974359,0.358974358974359,0.358974358974359,0.358974358974359,0.358974358974359,0.358974358974359,0.358974358974359,0.358974358974359,0.358974358974359,0.358974358974359,0.358974358974359,0.358974358974359,0.358974358974359,0.358974358974359,0.358974358974359,0.358974358974359,0.358974358974359,0.358974358974359,0.358974358974359,0.358974358974359,0.358974358974359,0.358974358974359,0.358974358974359,0.358974358974359,0.358974358974359,0.358974358974359,0.358974358974359,0.358974358974359,0.358974358974359,0.358974358974359,0.358974358974359,0.358974358974359,0.358974358974359,0.358974358974359,0.358974358974359,0.358974358974359,0.358974358974359,0.358974358974359,0.358974358974359,0.358974358974359,0.358974358974359,0.358974358974359,0.358974358974359,0.358974358974359,0.358974358974359,0.358974358974359,0.358974358974359,0.358974358974359,0.358974358974359,0.358974358974359,0.358974358974359,0.358974358974359,0.358974358974359,0.358974358974359,0.358974358974359,0.358974358974359,0.358974358974359,0.358974358974359,0.358974358974359,0.358974358974359,0.3918097040140559,0.3814975654691407,0.3814975654691407,0.3814975654691407,0.3814975654691407,0.3814975654691407,0.3814975654691407,0.3814975654691407,0.3814975654691407,0.3814975654691407,0.3814975654691407,0.3814975654691407,0.3814975654691407,0.3814975654691407,0.40228690228690234,0.40228690228690234,0.40228690228690234,0.40228690228690234,0.40228690228690234,0.40228690228690234,0.4224104736234116,0.4224104736234116,0.4224104736234116,0.4224104736234116,0.4224104736234116,0.4224104736234116,0.4224104736234116,0.4224104736234116,0.4224104736234116,0.47245736719420933,0.47245736719420933,0.47245736719420933,0.47245736719420933,0.47245736719420933,0.47245736719420933,0.47245736719420933,0.47245736719420933,0.4543650793650794,0.47245736719420933,0.4590695997115038,0.4590695997115038,0.4590695997115038,0.4590695997115038,0.44147644487615345,0.4590695997115038,0.44147644487615345,0.44147644487615345,0.44147644487615345,0.44147644487615345,0.4590695997115038,0.4590695997115038,0.44147644487615345,0.4590695997115038,0.4590695997115038,0.4590695997115038,0.4590695997115038,0.44147644487615345,0.44147644487615345,0.44147644487615345,0.4590695997115038,0.4590695997115038,0.47619047619047616,0.47619047619047616,0.47619047619047616,0.47619047619047616,0.47619047619047616,0.44147644487615345,0.43502824858757067,0.44147644487615345,0.43502824858757067,0.44147644487615345,0.43502824858757067,0.43502824858757067,0.43502824858757067,0.43502824858757067,0.42857142857142855,0.43502824858757067,0.45238095238095244,0.43502824858757067,0.43502824858757067,0.42857142857142855,0.42857142857142855,0.415614773258532,0.415614773258532,0.415614773258532,0.415614773258532,0.40910670837678137,0.4047619047619047,0.4047619047619047,0.4047619047619047,0.3869455463397043,0.4047619047619047,0.3686255463817387,0.3869455463397043,0.39851397570468217,0.42210166293194956,0.42210166293194956,0.40910670837678137,0.39851397570468217,0.42210166293194956,0.4322789943227899,0.4322789943227899,0.415614773258532,0.4456893501592169,0.42210166293194956,0.44852941176470584,0.44852941176470584,0.44852941176470584,0.4322789943227899,0.4554512802687985,0.4554512802687985,0.43899018232819076,0.4554512802687985,0.43899018232819076,0.46438746438746437,0.4871794871794871,0.4715073529411765,0.4623655913978495,0.4554512802687985,0.4871794871794871,0.4554512802687985,0.4715073529411765,0.46438746438746437,0.48003097687797325,0.4798733604703753,0.5174503422735944,0.47256200201997534,0.4950061721467848,0.5098039215686274,0.4572591587516961,0.4871794871794871,0.4652406417112299,0.5174503422735944,0.5021573182874212,0.5021573182874212,0.48003097687797325,0.4950061721467848,0.5021573182874212,0.45790463546852533,0.5024875621890547,0.4945054945054945,0.4950061721467848,0.5098039215686274,0.5098039215686274,0.5024875621890547,0.50997150997151,0.4950061721467848,0.4945054945054945,0.5098039215686274,0.4652406417112299,0.4875222816399287,0.5242836596968691,0.4798733604703753,0.4357782940590773,0.46438746438746437,0.5008680555555556,0.4791666666666667,0.4714701758170641,0.5066495066495067,0.5146154675870995,0.4637494637494637,0.4498975299320462,0.48519948519948525,0.4429590017825312,0.4498975299320462,0.4714701758170641,0.45054945054945056,0.45746527777777773,0.4791666666666667,0.4637494637494637,0.4422994422994423,0.41927990708478513,0.4650070968446336,0.4714701758170641,0.4714701758170641,0.45054945054945056,0.4498975299320462,0.4498975299320462,0.4498975299320462,0.453551912568306,0.4346666666666667,0.4714701758170641,0.45600000000000007,0.4403970013726111,0.4246260069044879,0.4375,0.4615140956604371,0.44821731748726656,0.45600000000000007,0.45600000000000007,0.4664713882205252,0.4403970013726111,0.4375,0.4403970013726111,0.4375,0.4501504305425874,0.4086523498288204,0.43797671617824174,0.43797671617824174,0.45804897631473307,0.4285714285714286,0.4285714285714286,0.4285714285714286,0.4285714285714286,0.43797671617824174,0.467390212038991,0.4285714285714286,0.4285714285714286,0.4285714285714286,0.41907051282051283,0.4565217391304348,0.41907051282051283,0.4565217391304348,0.44729172947442464,0.44729172947442464,0.43797671617824174,0.44729172947442464,0.4565217391304348,0.40994099409941,0.4486215538847118,0.4486215538847118,0.4486215538847118,0.41976790716286516,0.42994299429942995,0.40994099409941,0.42994299429942995,0.42948653788409574,0.41976790716286516,0.44950455409868884,0.4591346153846154,0.4285714285714286,0.40994099409941,0.4486215538847118,0.4486215538847118,0.4545454545454546,0.48583526565177937,0.48748869460355737,0.46739021203899106,0.4565217391304348,0.4565217391304348,0.47665056360708535,0.46739021203899106,0.4565217391304348,0.45804897631473307,0.48583526565177937,0.48583526565177937,0.468671679197995,0.4379767161782417,0.48375341633768604,0.48583526565177937,0.4967793880837359,0.4781212364512244,0.4781212364512244,0.4486215538847118,0.4591346153846154,0.5192307692307693,0.5276856597326901,0.5592948717948718,0.537037037037037,0.5087719298245614,0.537037037037037,0.46739021203899106,0.5192307692307693,0.4981934965877158,0.5192307692307693,0.468671679197995,0.5169082125603865,0.5353535353535352,0.5095586027424682,0.5772946859903383,0.5299529952995299,0.4981934965877158,0.5087719298245614,0.5477841422972565,0.5299529952995299,0.5477841422972565,0.568922305764411,0.5772946859903383,0.5477841422972565,0.568922305764411,0.48994899489948995,0.49919871794871795,0.5299529952995299,0.5182657567242072,0.5488721804511278,0.5276856597326901,0.5488721804511278,0.5793269230769231,0.5295766189570613,0.5495946351716545,0.5896306676008407,0.5879811074263893,0.5784825371336813,0.5383380168606986,0.5383380168606986,0.5555555555555556,0.5169082125603865,0.5477841422972565,0.5584102769971899,0.5169082125603865,0.568922305764411,0.5488721804511278,0.567882624861823,0.5288220551378446,0.5664885573142453,0.512987012987013,0.4967793880837359,0.5151515151515151,0.5087719298245614,0.5059985885673959,0.5075871771681237,0.4949494949494949,0.48375341633768604,0.48748869460355737,0.4949494949494949,0.46960424316605465,0.5169082125603865,0.5151515151515151,0.4812328349099787,0.5261619114830124,0.4981934965877158,0.5353535353535352,0.4949494949494949,0.44550861982054646,0.5104039167686658,0.512987012987013,0.5276856597326901,0.49269480519480524,0.5182657567242072,0.5463252343986289,0.5276856597326901,0.5295766189570613,0.4981934965877158,0.5182657567242072,0.5075871771681237,0.537037037037037,0.5169082125603865,0.5584102769971899,0.5398159263705482,0.5488721804511278,