{"allAttributes":0.7144022847817217,"bestAttributes":[0.6499649964996499,0.6491228070175439,0.68,0.6499649964996499,0.64,0.6599999999999999,0.66996699669967,0.6486151302190988,0.6692848284415047,0.6966209854587301,0.6767676767676767,0.6659580929243851,0.6956168831168831,0.6862030569895738,0.6565656565656566,0.6884735202492211,0.6565656565656566,0.6767676767676767,0.7064480210547626,0.6862030569895738,0.6884735202492211,0.707631817723561,0.6874684948079444,0.6673051718923279,0.707631817723561,0.6980676328502415,0.707631817723561,0.707631817723561,0.7085720028137874,0.6779388083735911,0.6884735202492211,0.7181964573268922,0.6980676328502415,0.7085720028137874,0.7189883580891208,0.6980676328502415,0.7189883580891208,0.6980676328502415,0.6767676767676767,0.7181964573268922,0.6980676328502415,0.7181964573268922,0.7293233082706767,0.6980676328502415,0.7189883580891208,0.7286704853783539,0.7064480210547626,0.6767676767676767,0.7085720028137874,0.7181964573268922,0.7085720028137874,0.7277951406391774,0.7383252818035426,0.707631817723561,0.7171717171717172,0.6884735202492211,0.6862030569895738,0.707631817723561,0.7085720028137874,0.696969696969697,0.7286704853783539,0.7286704853783539,0.7171717171717172,0.696969696969697,0.707631817723561,0.707631817723561,0.6989160979526294,0.6884735202492211,0.7171717171717172,0.7064480210547626,0.707631817723561,0.6956168831168831,0.6980676328502415,0.7171717171717172,0.6874684948079444,0.696969696969697,0.707631817723561,0.6884735202492211,0.696969696969697,0.6874684948079444,0.6884735202492211,0.6980676328502415,0.6884735202492211,0.6643271284711627,0.6884735202492211,0.6779388083735911,0.6884735202492211,0.6673051718923279,0.6989160979526294,0.6862030569895738,0.6874684948079444,0.6956168831168831,0.6779388083735911,0.7092731829573935,0.6884735202492211,0.696969696969697,0.6779388083735911,0.6989160979526294,0.6892230576441103,0.6788438378161381,0.6779388083735911,0.6779388083735911,0.6862030569895738,0.6305418719211822,0.6874684948079444,0.6550324675324675,0.6439833180754755,0.6550324675324675,0.6419437340153453,0.6550324675324675,0.696969696969697,0.6673051718923279,0.6659580929243851,0.696969696969697,0.696969696969697,0.653202774377805,0.707631817723561,0.6659580929243851,0.6305418719211822,0.6439833180754755,0.7277951406391774,0.6550324675324675,0.6565656565656566,0.6736026111791106,0.6874684948079444,0.7195512820512819,0.6565656565656566,0.6767676767676767,0.707631817723561,0.6550324675324675,0.6767676767676767,0.6980676328502415,0.6736026111791106,0.6980676328502415,0.6884735202492211,0.6874684948079444,0.6753246753246753,0.6659580929243851,0.6956168831168831,0.6980676328502415,0.6874684948079444,0.6874684948079444,0.6980676328502415,0.6862030569895738,0.6862030569895738,0.7085720028137874,0.6884735202492211,0.6659580929243851,0.7085720028137874,0.6643271284711627,0.6980676328502415,0.6980676328502415,0.7085720028137874,0.6980676328502415,0.6884735202492211,0.6956168831168831,0.7085720028137874,0.6980676328502415,0.696969696969697,0.6828644501278773,0.696969696969697,0.6980676328502415,0.7181964573268922,0.6550324675324675,0.6989160979526294,0.6673051718923279,0.7085720028137874,0.7189883580891208,0.6884735202492211,0.6980676328502415,0.7286704853783539,0.6884735202492211,0.7064480210547626,0.6874684948079444,0.6862030569895738,0.696969696969697,0.7085720028137874,0.7085720028137874,0.6980676328502415,0.6874684948079444,0.707631817723561,0.6874684948079444,0.6884735202492211,0.707631817723561,0.6874684948079444,0.707631817723561,0.696969696969697,0.7189883580891208,0.6980676328502415,0.6767676767676767,0.6862030569895738,0.7189883580891208,0.7189883580891208,0.7171717171717172,0.7085720028137874,0.6980676328502415,0.6884735202492211,0.6884735202492211,0.7092731829573935,0.6767676767676767,0.6673051718923279,0.6980676328502415,0.6767676767676767,0.7092731829573935,0.7293233082706767,0.7277951406391774,0.6874684948079444,0.6980676328502415,0.6767676767676767,0.7085720028137874,0.7085720028137874,0.7085720028137874,0.6779388083735911,0.7266929851199515,0.7383252818035426,0.6980676328502415,0.7085720028137874,0.7189883580891208,0.7286704853783539,0.696969696969697,0.7085720028137874,0.6980676328502415,0.7085720028137874,0.6767676767676767,0.6779388083735911,0.7189883580891208,0.707631817723561,0.6874684948079444,0.7085720028137874,0.6980676328502415,0.7085720028137874,0.7085720028137874,0.6884735202492211,0.7189883580891208,0.6980676328502415,0.6767676767676767,0.6884735202492211,0.7181964573268922,0.6980676328502415,0.6989160979526294,0.7189883580891208,0.7189883580891208,0.6980676328502415,0.7189883580891208,0.6989160979526294,0.6779388083735911,0.6884735202492211,0.7189883580891208,0.7085720028137874,0.707631817723561,0.7286704853783539,0.6980676328502415,0.7189883580891208,0.7085720028137874,0.7085720028137874,0.6980676328502415,0.7181964573268922,0.6767676767676767,0.7189883580891208,0.7286704853783539,0.7181964573268922,0.7092731829573935,0.7195512820512819,0.707631817723561,0.7085720028137874,0.7092731829573935,0.7085720028137874,0.6779388083735911,0.7085720028137874,0.7293233082706767,0.7189883580891208,0.7092731829573935,0.7085720028137874,0.6989160979526294,0.7293233082706767,0.7092731829573935,0.6874684948079444,0.7189883580891208,0.7293233082706767,0.7189883580891208,0.7085720028137874,0.7085720028137874,0.7189883580891208,0.7286704853783539,0.7293233082706767,0.7293233082706767,0.7085720028137874,0.7189883580891208,0.7181964573268922,0.7195512820512819,0.7181964573268922,0.7189883580891208,0.707631817723561,0.7390606182256123,0.7277951406391774,0.7189883580891208,0.6862030569895738,0.7189883580891208,0.7085720028137874,0.7189883580891208,0.7189883580891208,0.7286704853783539,0.7085720028137874,0.7189883580891208,0.7189883580891208,0.707631817723561,0.7092731829573935,0.7085720028137874,0.7085720028137874,0.7293233082706767,0.7286704853783539,0.7487689679429204,0.7286704853783539,0.7591328783621035,0.7092731829573935,0.7286704853783539,0.7181964573268922,0.7189883580891208,0.7092731829573935,0.7487689679429204,0.7390606182256123,0.7395833333333333,0.7286704853783539,0.6989160979526294,0.7092731829573935,0.7390606182256123,0.7195512820512819,0.7383252818035426,0.7286704853783539,0.7195512820512819,0.6892230576441103,0.7390606182256123,0.7390606182256123,0.6980676328502415,0.7092731829573935,0.7293233082706767,0.6995192307692308,0.7293233082706767,0.7493734335839599,0.7390606182256123,0.7293233082706767,0.7195512820512819,0.7085720028137874,0.7189883580891208,0.7293233082706767,0.7189883580891208,0.7390606182256123,0.7395833333333333,0.7286704853783539,0.7591328783621035,0.7286704853783539,0.7293233082706767,0.7293233082706767,0.7195512820512819,0.7297567811029928,0.7195512820512819,0.6892230576441103,0.7286704853783539,0.7189883580891208,0.7390606182256123,0.7286704853783539,0.7181964573268922,0.7092731829573935,0.7293233082706767,0.7297567811029928,0.7195512820512819,0.7195512820512819,0.7195512820512819,0.7383252818035426,0.7390606182256123,0.7189883580891208,0.7493734335839599,0.7189883580891208,0.7195512820512819,0.7189883580891208,0.6995192307692308,0.7277951406391774,0.7195512820512819,0.7092731829573935,0.7097387648883995,0.7085720028137874,0.7092731829573935,0.7189883580891208,0.7097387648883995,0.7195512820512819,0.7097387648883995,0.6884735202492211,0.6995192307692308,0.7189883580891208,0.7195512820512819,0.7097387648883995,0.7097387648883995,0.7390606182256123,0.7479584635547938,0.7085720028137874,0.7198879551820729,0.7092731829573935,0.7195512820512819,0.6989160979526294,0.7390606182256123,0.7293233082706767,0.7181964573268922,0.7487689679429204,0.7189883580891208,0.7189883580891208,0.7297567811029928,0.7293233082706767,0.7189883580891208,0.6989160979526294,0.7390606182256123,0.7293233082706767,0.7195512820512819,0.7390606182256123,0.7390606182256123,0.7189883580891208,0.7286704853783539,0.7293233082706767,0.7293233082706767,0.7189883580891208,0.7293233082706767,0.7097387648883995,