{"allAttributes":0.7144022847817217,"bestAttributes":[0.5974235104669887,0.629666700030027,0.6193910256410257,0.6491228070175439,0.6594551282051282,0.6496847162446202,0.6598639455782314,0.6594551282051282,0.6594551282051282,0.6594551282051282,0.6499649964996499,0.6491228070175439,0.6386993175431553,0.6386993175431553,0.6376811594202898,0.6254681647940075,0.6386993175431553,0.5941558441558441,0.6010230179028133,0.6124031007751938,0.6124031007751938,0.6032956972841013,0.5941558441558441,0.5920032639738881,0.6032956972841013,0.6010230179028133,0.5829518868884143,0.6032956972841013,0.5829518868884143,0.6010230179028133,0.5920032639738881,0.5920032639738881,0.6032956972841013,0.5941558441558441,0.5920032639738881,0.5920032639738881,0.5920032639738881,0.6100164203612479,0.6010230179028133,0.6032956972841013,0.6010230179028133,0.6254681647940075,0.5920032639738881,0.5829518868884143,0.5777983729790959,0.6010230179028133,0.5805626598465473,0.6052232007288187,0.6124031007751938,0.6124031007751938,0.6100164203612479,0.5777983729790959,0.6124031007751938,0.5805626598465473,0.6254681647940075,0.6124031007751938,0.614448051948052,0.614448051948052,0.5920032639738881,0.614448051948052,0.653202774377805,0.5941558441558441,0.6254681647940075,0.6161616161616161,0.6254681647940075,0.6032956972841013,0.6236395076797884,0.6269785260610949,0.6236395076797884,0.6347402597402598,0.6010230179028133,0.6052232007288187,0.5894909688013137,0.6236395076797884,0.6010230179028133,0.6363636363636364,0.6457131288591962,0.6643271284711627,0.6236395076797884,0.614448051948052,0.6439833180754755,0.6254681647940075,0.6659580929243851,0.6347402597402598,0.6565656565656566,0.6550324675324675,0.6578099838969403,0.6565656565656566,0.6862030569895738,0.6457131288591962,0.6471418489767113,0.6439833180754755,0.6659580929243851,0.6884735202492211,0.6779388083735911,0.6788438378161381,0.6683750376846548,0.6659580929243851,0.6578099838969403,0.6779388083735911,0.6980676328502415,0.6457131288591962,0.6269785260610949,0.6691729323308271,0.6643271284711627,0.6753246753246753,0.6767676767676767,0.6874684948079444,0.7092731829573935,0.6457131288591962,0.6779388083735911,0.6236395076797884,0.6779388083735911,0.6471418489767113,0.6673051718923279,0.6565656565656566,0.6683750376846548,0.6884735202492211,0.6550324675324675,0.6482765551200884,0.6578099838969403,0.6376811594202898,0.6482765551200884,0.6874684948079444,0.6578099838969403,0.7181964573268922,0.6884735202492211,0.6578099838969403,0.7171717171717172,0.6788438378161381,0.6683750376846548,0.6779388083735911,0.6753246753246753,0.6892230576441103,0.6989160979526294,0.6683750376846548,0.6794871794871795,0.6980676328502415,0.6683750376846548,0.6683750376846548,0.6980676328502415,0.6884735202492211,0.6989160979526294,0.6683750376846548,0.6998799519807923,0.6788438378161381,0.7092731829573935,0.6862030569895738,0.7092731829573935,0.6995192307692308,0.6691729323308271,0.6980676328502415,0.707631817723561,0.6788438378161381,0.7085720028137874,0.6788438378161381,0.6874684948079444,0.6862030569895738,0.6779388083735911,0.6989160979526294,0.7085720028137874,0.6683750376846548,0.6892230576441103,0.7085720028137874,0.7189883580891208,0.6779388083735911,0.6779388083735911,0.6550324675324675,0.6989160979526294,0.7092731829573935,0.6683750376846548,0.707631817723561,0.6989160979526294,0.6884735202492211,0.6892230576441103,0.707631817723561,0.6995192307692308,0.7189883580891208,0.7097387648883995,0.7383252818035426,0.6892230576441103,0.6683750376846548,0.7085720028137874,0.7293233082706767,0.6989160979526294,0.7092731829573935,0.7195512820512819,0.6989160979526294,0.6884735202492211,0.7277951406391774,0.7085720028137874,0.7092731829573935,0.7383252818035426,0.7092731829573935,0.7390606182256123,0.6995192307692308,0.7097387648883995,0.7092731829573935,0.7085720028137874,0.7277951406391774,0.7286704853783539,0.6980676328502415,0.6753246753246753,0.7286704853783539,0.7293233082706767,0.7266929851199515,0.707631817723561,0.7092731829573935,0.7189883580891208,0.7189883580891208,0.7085720028137874,0.7266929851199515,0.707631817723561,0.7189883580891208,0.7286704853783539,0.7189883580891208,0.7092731829573935,0.7085720028137874,0.7390606182256123,0.7092731829573935,0.7181964573268922,0.7189883580891208,0.696969696969697,0.7085720028137874,0.7189883580891208,0.7092731829573935,0.7189883580891208,0.7181964573268922,0.7181964573268922,0.7390606182256123,0.7189883580891208,0.7286704853783539,0.6892230576441103,0.6989160979526294,0.7286704853783539,0.7092731829573935,0.7293233082706767,0.7286704853783539,0.7092731829573935,0.7189883580891208,0.7085720028137874,0.7189883580891208,0.7092731829573935,0.7293233082706767,0.6980676328502415,0.7092731829573935,0.7092731829573935,0.7195512820512819,0.7097387648883995,0.7293233082706767,0.7293233082706767,0.7487689679429204,0.7591328783621035,0.7092731829573935,0.6892230576441103,0.7383252818035426,0.7286704853783539,0.7286704853783539,0.7195512820512819,0.7085720028137874,0.7085720028137874,0.7085720028137874,0.7383252818035426,0.7293233082706767,0.7286704853783539,0.7189883580891208,0.7286704853783539,0.7189883580891208,0.7085720028137874,0.6980676328502415,0.7383252818035426,0.7092731829573935,0.7092731829573935,0.7584541062801933,0.7286704853783539,0.7097387648883995,0.7085720028137874,0.7189883580891208,0.7171717171717172,0.7181964573268922,0.7181964573268922,0.7390606182256123,0.7286704853783539,0.6779388083735911,0.6989160979526294,0.7383252818035426,0.7286704853783539,0.7286704853783539,0.7383252818035426,0.7293233082706767,0.7085720028137874,0.7286704853783539,0.6897207486738064,0.7195512820512819,0.6673051718923279,0.7390606182256123,0.6892230576441103,0.7469379491851402,0.707631817723561,0.7085720028137874,0.7487689679429204,0.6980676328502415,0.696969696969697,0.6989160979526294,0.7171717171717172,0.7085720028137874,0.6989160979526294,0.707631817723561,0.7085720028137874,0.7085720028137874,0.7181964573268922,0.6989160979526294,0.6980676328502415,0.7383252818035426,0.7085720028137874,0.7171717171717172,0.7085720028137874,0.7085720028137874,0.7171717171717172,0.6884735202492211,0.7383252818035426,0.7092731829573935,0.6884735202492211,0.707631817723561,0.7383252818035426,0.7487689679429204,0.7181964573268922,0.7092731829573935,0.6980676328502415,0.7390606182256123,0.7383252818035426,0.6989160979526294,0.7181964573268922,0.7189883580891208,0.7159090909090908,0.7362012987012987,0.7266929851199515,0.707631817723561,0.7373737373737375,0.707631817723561,0.7277951406391774,0.707631817723561,0.707631817723561,0.7395833333333333,0.707631817723561,0.707631817723561,0.6874684948079444,0.7383252818035426,0.7383252818035426,0.7181964573268922,0.7189883580891208,0.7286704853783539,0.707631817723561,0.7181964573268922,0.7383252818035426,0.7085720028137874,0.7189883580891208,0.696969696969697,0.7390606182256123,0.7286704853783539,0.7277951406391774,0.707631817723561,0.7189883580891208,0.7085720028137874,0.707631817723561,0.7092731829573935,0.7181964573268922,0.7293233082706767,0.7085720028137874,0.6980676328502415,0.6989160979526294,0.7171717171717172,0.7085720028137874,0.6995192307692308,0.7092731829573935,0.7373737373737375,0.7189883580891208,0.7181964573268922,0.707631817723561,0.7171717171717172,0.7293233082706767,0.6884735202492211,0.7286704853783539,0.7181964573268922,0.7293233082706767,0.6874684948079444,0.6980676328502415,0.7373737373737375,0.7293233082706767,0.7383252818035426,0.7277951406391774,0.7085720028137874,0.6779388083735911,0.7195512820512819,0.7181964573268922,0.7189883580891208,0.7085720028137874,0.707631817723561,0.6980676328502415,0.7085720028137874,0.7181964573268922,0.7195512820512819,0.7390606182256123,0.7092731829573935,0.7277951406391774,0.6980676328502415,0.696969696969697,0.7085720028137874,0.7390606182256123,0.6980676328502415,0.7085720028137874,0.7171717171717172,0.7092731829573935,0.7171717171717172,0.6989160979526294,0.7266929851199515,0.7092731829573935,0.7390606182256123,0.7189883580891208,