{"allAttributes":0.7144022847817217,"bestAttributes":[0.6338529134846741,0.6093337556752192,0.6783898744683058,0.6637242538881882,0.6515679442508711,0.7536945812807881,0.7742200328407225,0.7933030177759405,0.7821350762527233,0.7837503861600248,0.7837503861600248,0.7708333333333334,0.7613860358958398,0.757153415690001,0.7593890574327858,0.75,0.7688104245481295,0.7613860358958398,0.75,0.7803117480908046,0.75,0.7593890574327858,0.778270509977827,0.7519636213311286,0.7613860358958398,0.7613860358958398,0.75,0.7613860358958398,0.7742200328407225,0.7837503861600248,0.7613860358958398,0.7613860358958398,0.7442455242966752,0.7593890574327858,0.7442455242966752,0.7442455242966752,0.7647058823529411,0.7756017951856385,0.7362012987012987,0.7756017951856385,0.7536945812807881,0.7552019583843329,0.7552019583843329,0.7536945812807881,0.7536945812807881,0.7552019583843329,0.7647058823529411,0.7756017951856385,0.7613860358958398,0.7552019583843329,0.7536945812807881,0.7631551848419318,0.7726333195535344,0.7647058823529411,0.7536945812807881,0.7647058823529411,0.7442455242966752,0.7631551848419318,0.7742200328407225,0.7442455242966752,0.7756017951856385,0.7647058823529411,0.7442455242966752,0.7756017951856385,0.7442455242966752,0.7647058823529411,0.7726333195535344,0.7647058823529411,0.7536945812807881,0.7442455242966752,0.7331691297208538,0.7851662404092072,0.7564935064935066,0.7536945812807881,0.7536945812807881,0.7631551848419318,0.7536945812807881,0.7348021215830273,0.7851662404092072,0.7552019583843329,0.7756017951856385,0.7536945812807881,0.7552019583843329,0.7742200328407225,0.7742200328407225,0.7647058823529411,0.7742200328407225,0.7756017951856385,0.7631551848419318,0.7647058823529411,0.7425599835238389,0.7742200328407225,0.7756017951856385,0.7536945812807881,0.7756017951856385,0.7519636213311286,0.7660461804495982,0.8043455874781176,0.7536945812807881,0.7536945812807881,0.7756017951856385,0.7631551848419318,0.7536945812807881,0.7631551848419318,0.7851662404092072,0.7756017951856385,0.7742200328407225,0.797077922077922,0.7519636213311286,0.7442455242966752,0.7851662404092072,0.7442455242966752,0.7536945812807881,0.7593890574327858,0.7536945812807881,0.7647058823529411,0.7425599835238389,0.7742200328407225,0.7726333195535344,0.7442455242966752,0.7536945812807881,0.7536945812807881,0.7552019583843329,0.7425599835238389,0.7821350762527233,0.7933030177759405,0.7425599835238389,0.7742200328407225,0.7536945812807881,0.7536945812807881,0.7756017951856385,0.7631551848419318,0.7647058823529411,0.7742200328407225,0.7647058823529411,0.7708333333333334,0.7851662404092072,0.7219647822057461,0.7631551848419318,0.794745484400657,0.7726333195535344,0.7742200328407225,0.7631551848419318,0.7219647822057461,0.7631551848419318,0.7631551848419318,0.75,0.7631551848419318,0.7767857142857143,0.7519636213311286,0.7536945812807881,0.7647058823529411,0.7647058823529411,0.7519636213311286,0.7742200328407225,0.7631551848419318,0.7647058823529411,0.7631551848419318,0.7726333195535344,0.7552019583843329,0.7331691297208538,0.7536945812807881,0.7425599835238389,0.7631551848419318,0.7519636213311286,0.7647058823529411,0.7536945812807881,0.7519636213311286,0.7726333195535344,0.7647058823529411,0.7647058823529411,0.7219647822057461,0.7726333195535344,0.7536945812807881,0.7647058823529411,0.7425599835238389,0.7647058823529411,0.7742200328407225,0.7837503861600248,0.7837503861600248,0.7960016319869441,0.7863899908452853,0.7742200328407225,0.7631551848419318,0.7219647822057461,0.7647058823529411,0.7742200328407225,0.794745484400657,0.7851662404092072,0.7536945812807881,0.7742200328407225,0.7631551848419318,0.7726333195535344,0.7821350762527233,0.7536945812807881,0.7742200328407225,0.794745484400657,0.7647058823529411,0.7442455242966752,0.7837503861600248,0.7726333195535344,0.7837503861600248,0.7742200328407225,0.7631551848419318,0.794745484400657,0.7863899908452853,0.794745484400657,0.7851662404092072,0.7726333195535344,0.7647058823529411,0.7613860358958398,0.7708333333333334,0.7613860358958398,0.7631551848419318,0.8056265984654732,0.7519636213311286,0.7851662404092072,0.7647058823529411,0.7960016319869441,0.7742200328407225,0.7837503861600248,0.794745484400657,0.7742200328407225,0.7647058823529411,0.7742200328407225,0.7851662404092072,0.7519636213311286,0.7631551848419318,0.7425599835238389,0.7726333195535344,0.7331691297208538,0.7837503861600248,0.7406369955389562,0.7863899908452853,0.7726333195535344,0.7726333195535344,0.7851662404092072,0.7726333195535344,0.7837503861600248,0.7631551848419318,0.7851662404092072,0.7851662404092072,0.7631551848419318,0.7837503861600248,0.7837503861600248,0.7837503861600248,0.7726333195535344,0.7631551848419318,0.7726333195535344,0.7312939231087225,0.7613860358958398,0.7536945812807881,0.7837503861600248,0.7767857142857143,0.7837503861600248,0.7837503861600248,0.7933030177759405,0.7631551848419318,0.7851662404092072,0.7960016319869441,0.7916666666666666,0.7536945812807881,0.7708333333333334,0.7536945812807881,0.7851662404092072,0.7442455242966752,0.7631551848419318,0.7851662404092072,0.7851662404092072,0.7863899908452853,0.8056265984654732,0.8067338012409724,0.7837503861600248,0.7613860358958398,0.7851662404092072,0.7519636213311286,0.794745484400657,0.794745484400657,0.7726333195535344,0.7726333195535344,0.7708333333333334,0.7960016319869441,0.7837503861600248,0.7613860358958398,0.7536945812807881,0.7519636213311286,0.7933030177759405,0.7837503861600248,0.794745484400657,0.7837503861600248,0.7851662404092072,0.7726333195535344,0.7851662404092072,0.7647058823529411,0.7960016319869441,0.7837503861600248,0.7837503861600248,0.7756017951856385,0.7851662404092072,0.7821350762527233,0.794745484400657,0.7960016319869441,0.794745484400657,0.7519636213311286,0.7519636213311286,0.7821350762527233,0.7821350762527233,0.7726333195535344,0.7647058823529411,0.7519636213311286,0.7851662404092072,0.794745484400657,0.7647058823529411,0.7552019583843329,0.7742200328407225,0.7726333195535344,0.7863899908452853,0.7742200328407225,0.8056265984654732,0.7767857142857143,0.7647058823529411,0.7726333195535344,0.7425599835238389,0.7613860358958398,0.7536945812807881,0.7851662404092072,0.7851662404092072,0.8067338012409724,0.8056265984654732,0.7742200328407225,0.7851662404092072,0.794745484400657,0.7406369955389562,0.7863899908452853,0.7851662404092072,0.7726333195535344,0.7552019583843329,0.7821350762527233,0.7756017951856385,0.794745484400657,0.75,0.7756017951856385,0.7708333333333334,0.7837503861600248,0.7742200328407225,0.8028841166096069,0.8043455874781176,0.7613860358958398,0.7821350762527233,0.7726333195535344,0.7837503861600248,0.7960016319869441,0.7837503861600248,0.7631551848419318,0.797077922077922,0.7960016319869441,0.7742200328407225,0.7863899908452853,0.7647058823529411,0.7837503861600248,0.7756017951856385,0.7631551848419318,0.7726333195535344,0.7726333195535344,0.7348021215830273,0.7837503861600248,0.7593890574327858,0.7863899908452853,0.8067338012409724,0.7726333195535344,0.794745484400657,0.7851662404092072,0.7631551848419318,0.8056265984654732,0.7519636213311286,0.8152709359605911,0.7631551848419318,0.7933030177759405,0.7742200328407225,0.7536945812807881,0.7837503861600248,0.794745484400657,0.7312939231087225,0.7536945812807881,0.7613860358958398,0.7821350762527233,0.7863899908452853,0.7631551848419318,0.8056265984654732,0.7647058823529411,0.7631551848419318,0.7742200328407225,0.7631551848419318,0.7425599835238389,0.7647058823529411,0.7647058823529411,0.7756017951856385,0.7960016319869441,0.7219647822057461,0.7519636213311286,0.7631551848419318,0.8043455874781176,0.7708333333333334,0.7613860358958398,0.7631551848419318,0.7613860358958398,0.7851662404092072,0.7742200328407225,0.75,0.7519636213311286,0.7613860358958398,0.7837503861600248,0.7960016319869441,0.7742200328407225,0.7631551848419318,0.7742200328407225,0.794745484400657,0.7742200328407225,0.7726333195535344,0.7851662404092072,0.7631551848419318,0.7631551848419318,0.7631551848419318,0.7933030177759405,