{"allAttributes":0.7144022847817217,"bestAttributes":[0.5894909688013137,0.5777983729790959,0.5710848415106182,0.7171717171717172,0.7253585596582239,0.7660461804495982,0.797979797979798,0.7442455242966752,0.7777777777777777,0.745702370053911,0.7536945812807881,0.7552019583843329,0.745702370053911,0.7331691297208538,0.7362012987012987,0.7660461804495982,0.7552019583843329,0.7564935064935066,0.7552019583843329,0.7331691297208538,0.7536945812807881,0.7253585596582239,0.7331691297208538,0.7442455242966752,0.7425599835238389,0.7552019583843329,0.7219647822057461,0.7536945812807881,0.7660461804495982,0.7312939231087225,0.7331691297208538,0.745702370053911,0.7219647822057461,0.7647058823529411,0.7552019583843329,0.7469379491851402,0.745702370053911,0.7362012987012987,0.7647058823529411,0.7660461804495982,0.7442455242966752,0.7253585596582239,0.7564935064935066,0.745702370053911,0.745702370053911,0.767182913250329,0.7564935064935066,0.7362012987012987,0.7756017951856385,0.7442455242966752,0.7564935064935066,0.7742200328407225,0.7742200328407225,0.745702370053911,0.745702370053911,0.7647058823529411,0.767182913250329,0.745702370053911,0.7756017951856385,0.7442455242966752,0.7756017951856385,0.7756017951856385,0.7442455242966752,0.745702370053911,0.7552019583843329,0.7552019583843329,0.7756017951856385,0.745702370053911,0.7647058823529411,0.7660461804495982,0.7660461804495982,0.7552019583843329,0.7647058823529411,0.7647058823529411,0.7647058823529411,0.7767857142857143,0.7756017951856385,0.7756017951856385,0.7552019583843329,0.7851662404092072,0.7756017951856385,0.7756017951856385,0.7536945812807881,0.7726333195535344,0.7198879551820728,0.7647058823529411,0.7647058823529411,0.7536945812807881,0.7647058823529411,0.7536945812807881,0.7312939231087225,0.7442455242966752,0.7756017951856385,0.7552019583843329,0.7536945812807881,0.7442455242966752,0.7312939231087225,0.6991389148251894,0.7631551848419318,0.7425599835238389,0.7631551848419318,0.7536945812807881,0.7519636213311286,0.7312939231087225,0.7821350762527233,0.7647058823529411,0.7631551848419318,0.7726333195535344,0.7613860358958398,0.7613860358958398,0.7425599835238389,0.7821350762527233,0.7613860358958398,0.7613860358958398,0.7519636213311286,0.7425599835238389,0.7726333195535344,0.7837503861600248,0.7536945812807881,0.7519636213311286,0.7536945812807881,0.7647058823529411,0.7726333195535344,0.7442455242966752,0.7536945812807881,0.7536945812807881,0.7425599835238389,0.7837503861600248,0.7536945812807881,0.7536945812807881,0.7536945812807881,0.7442455242966752,0.7631551848419318,0.7726333195535344,0.7631551848419318,0.7742200328407225,0.7631551848419318,0.7519636213311286,0.7519636213311286,0.7331691297208538,0.7647058823529411,0.7821350762527233,0.7821350762527233,0.7631551848419318,0.7726333195535344,0.7312939231087225,0.7742200328407225,0.7726333195535344,0.7613860358958398,0.7726333195535344,0.7613860358958398,0.7425599835238389,0.794745484400657,0.7425599835238389,0.7851662404092072,0.7631551848419318,0.7837503861600248,0.794745484400657,0.7536945812807881,0.7708333333333334,0.7631551848419318,0.7756017951856385,0.7631551848419318,0.7742200328407225,0.7851662404092072,0.7552019583843329,0.7708333333333334,0.7647058823529411,0.7631551848419318,0.7742200328407225,0.7613860358958398,0.794745484400657,0.7647058823529411,0.7742200328407225,0.7726333195535344,0.7837503861600248,0.7851662404092072,0.7726333195535344,0.7613860358958398,0.75,0.7742200328407225,0.7631551848419318,0.7837503861600248,0.7519636213311286,0.7726333195535344,0.794745484400657,0.7331691297208538,0.8056265984654732,0.7613860358958398,0.7933030177759405,0.7631551848419318,0.7837503861600248,0.7837503861600248,0.7821350762527233,0.7519636213311286,0.794745484400657,0.7631551848419318,0.8043455874781176,0.7960016319869441,0.794745484400657,0.7756017951856385,0.7647058823529411,0.7821350762527233,0.7756017951856385,0.7631551848419318,0.7933030177759405,0.7960016319869441,0.7726333195535344,0.7519636213311286,0.7742200328407225,0.7519636213311286,0.7851662404092072,0.7519636213311286,0.7312939231087225,0.7851662404092072,0.7425599835238389,0.7425599835238389,0.7726333195535344,0.7631551848419318,0.7756017951856385,0.7613860358958398,0.7519636213311286,0.7647058823529411,0.7647058823529411,0.8152709359605911,0.7837503861600248,0.7536945812807881,0.7519636213311286,0.7726333195535344,0.7519636213311286,0.7631551848419318,0.7536945812807881,0.7613860358958398,0.7631551848419318,0.7631551848419318,0.7613860358958398,0.7837503861600248,0.7837503861600248,0.7647058823529411,0.7647058823529411,0.7851662404092072,0.7837503861600248,0.7312939231087225,0.7536945812807881,0.7851662404092072,0.7742200328407225,0.7536945812807881,0.7519636213311286,0.7631551848419318,0.7519636213311286,0.7726333195535344,0.7291666666666665,0.7519636213311286,0.7851662404092072,0.7425599835238389,0.7742200328407225,0.7631551848419318,0.7837503861600248,0.794745484400657,0.7519636213311286,0.7519636213311286,0.7631551848419318,0.7742200328407225,0.7742200328407225,0.797077922077922,0.7631551848419318,0.7613860358958398,0.7837503861600248,0.794745484400657,0.7742200328407225,0.7613860358958398,0.7536945812807881,0.7726333195535344,0.7631551848419318,0.794745484400657,0.7742200328407225,0.7742200328407225,0.7425599835238389,0.7519636213311286,0.7631551848419318,0.7442455242966752,0.7631551848419318,0.7536945812807881,0.7631551848419318,0.7425599835238389,0.7851662404092072,0.7425599835238389,0.7613860358958398,0.7821350762527233,0.7647058823529411,0.7312939231087225,0.7536945812807881,0.7837503861600248,0.7647058823529411,0.7647058823529411,0.7613860358958398,0.7726333195535344,0.7536945812807881,0.7536945812807881,0.7837503861600248,0.7519636213311286,0.7837503861600248,0.7291666666666665,0.745702370053911,0.7519636213311286,0.7647058823529411,0.794745484400657,0.7519636213311286,0.7726333195535344,0.7631551848419318,0.7519636213311286,0.7631551848419318,0.7726333195535344,0.7742200328407225,0.7726333195535344,0.7742200328407225,0.7837503861600248,0.7726333195535344,0.7647058823529411,0.7726333195535344,0.7837503861600248,0.7519636213311286,0.794745484400657,0.7519636213311286,0.7742200328407225,0.7726333195535344,0.7613860358958398,0.7631551848419318,0.7837503861600248,0.7726333195535344,0.7726333195535344,0.7552019583843329,0.7425599835238389,0.8067338012409724,0.7425599835238389,0.7647058823529411,0.7425599835238389,0.7726333195535344,0.7425599835238389,0.7742200328407225,0.7536945812807881,0.7726333195535344,0.7312939231087225,0.7742200328407225,0.7837503861600248,0.7425599835238389,0.7708333333333334,0.7742200328407225,0.7726333195535344,0.7631551848419318,0.7425599835238389,0.7756017951856385,0.794745484400657,0.7837503861600248,0.7425599835238389,0.7821350762527233,0.7536945812807881,0.7536945812807881,0.7708333333333334,0.7837503861600248,0.7742200328407225,0.7742200328407225,0.794745484400657,0.7851662404092072,0.7837503861600248,0.7631551848419318,0.7631551848419318,0.7536945812807881,0.7312939231087225,0.7742200328407225,0.7647058823529411,0.7960016319869441,0.7708333333333334,0.7837503861600248,0.7425599835238389,0.7425599835238389,0.7742200328407225,0.7536945812807881,0.7726333195535344,0.7837503861600248,0.7647058823529411,0.7631551848419318,0.7726333195535344,0.8043455874781176,0.7851662404092072,0.7837503861600248,0.7647058823529411,0.7647058823529411,0.7552019583843329,0.7851662404092072,0.7837503861600248,0.7821350762527233,0.7742200328407225,0.7726333195535344,0.7631551848419318,0.7519636213311286,0.7631551848419318,0.7519636213311286,0.7742200328407225,0.7742200328407225,0.7519636213311286,0.7742200328407225,0.7742200328407225,0.7837503861600248,0.7406369955389562,0.7837503861600248,0.7291666666666665,0.7613860358958398,0.7837503861600248,0.7851662404092072,0.7933030177759405,0.7613860358958398,0.7647058823529411,0.7756017951856385,0.7742200328407225,0.7291666666666665,0.7837503861600248,0.7442455242966752,0.8152709359605911,0.7742200328407225,0.75,