{"allAttributes":0.7144022847817217,"bestAttributes":[0.45054945054945056,0.5066495066495067,0.453551912568306,0.4747474747474747,0.5039272426622572,0.5452666391070691,0.41333333333333333,0.45833333333333337,0.453551912568306,0.49558638083228246,0.4498975299320462,0.4986666666666666,0.4725274725274725,0.4930428217020818,0.47256200201997534,0.5037482842360891,0.5166036149642708,0.5146154675870995,0.5361881134721174,0.5017958521608157,0.5008680555555556,0.5024875621890547,0.5876736111111112,0.5523528769516323,0.4930428217020818,0.4637494637494637,0.52,0.5174503422735944,0.5413333333333333,0.5166036149642708,0.5225694444444444,0.533106960950764,0.5280995280995281,0.5538956323270049,0.5920075321686369,0.5495495495495495,0.6006725514922238,0.6053333333333333,0.5625,0.5796553173602353,0.6576408341114224,0.6368917937545389,0.6457131288591962,0.5983935742971889,0.5805626598465473,0.6862030569895738,0.6347402597402598,0.6753246753246753,0.6439833180754755,0.7253585596582239,0.6846709388668497,0.7033248081841432,0.6846709388668497,0.6846709388668497,0.7144022847817217,0.7277951406391774,0.6956168831168831,0.6828644501278773,0.6846709388668497,0.6940024479804161,0.7159090909090908,0.7479584635547938,0.7144022847817217,0.6956168831168831,0.6874684948079444,0.7253585596582239,0.7564935064935066,0.7425599835238389,0.6940024479804161,0.7159090909090908,0.7519636213311286,0.7033248081841432,0.6753246753246753,0.7406369955389562,0.7442455242966752,0.6940024479804161,0.7425599835238389,0.7383252818035426,0.7219647822057461,0.7442455242966752,0.7660461804495982,0.7013695808876532,0.7874278773155178,0.7442455242966752,0.7219647822057461,0.7348021215830273,0.6828644501278773,0.7033248081841432,0.7237851662404091,0.7198879551820728,0.7237851662404091,0.745702370053911,0.7479584635547938,0.7552019583843329,0.7013695808876532,0.7237851662404091,0.6828644501278773,0.7756017951856385,0.7126436781609196,0.7331691297208538,0.7536945812807881,0.7552019583843329,0.6938021328265231,0.7348021215830273,0.7442455242966752,0.7171717171717172,0.7519636213311286,0.7469379491851402,0.7033248081841432,0.7159090909090908,0.7312939231087225,0.6828644501278773,0.7519636213311286,0.7312939231087225,0.7425599835238389,0.7631551848419318,0.7425599835238389,0.7331691297208538,0.7425599835238389,0.6991389148251894,0.6458333333333334,0.7331691297208538,0.7425599835238389,0.7442455242966752,0.7756017951856385,0.7291666666666665,0.7425599835238389,0.7013695808876532,0.7253585596582239,0.7348021215830273,0.7331691297208538,0.7552019583843329,0.7149192271143491,0.7126436781609196,0.7033248081841432,0.7312939231087225,0.6940024479804161,0.6807743795695603,0.7144022847817217,0.7267759562841531,0.7406369955389562,0.7237851662404091,0.7552019583843329,0.7647058823529411,0.7266929851199515,0.7219647822057461,0.7613860358958398,0.7219647822057461,0.7050147492625368,0.7331691297208538,0.7362012987012987,0.7106242248863167,0.7312939231087225,0.7175436761167486,0.7126436781609196,0.745702370053911,0.7144022847817217,0.7348021215830273,0.7033248081841432,0.7144022847817217,0.7033248081841432,0.7219647822057461,0.6601791782514674,0.7331691297208538,0.7237851662404091,0.7291666666666665,0.6862030569895738,0.7126436781609196,0.7331691297208538,0.6940024479804161,0.7312939231087225,0.6601791782514674,0.7406369955389562,0.6991389148251894,0.7331691297208538,0.7237851662404091,0.7219647822057461,0.6921182266009853,0.7126436781609196,0.7406369955389562,0.6899545266639108,0.7159090909090908,0.6921182266009853,0.6828644501278773,0.6736026111791106,0.7013695808876532,0.7126436781609196,0.7159090909090908,0.7126436781609196,0.6899545266639108,0.7552019583843329,0.7219647822057461,0.6846709388668497,0.7266929851199515,0.7198879551820728,0.7219647822057461,0.7126436781609196,0.7575757575757576,0.7126436781609196,0.7647058823529411,0.7033248081841432,0.6736026111791106,0.7536945812807881,0.7291666666666665,0.745702370053911,0.7237851662404091,0.7331691297208538,0.7552019583843329,0.7159090909090908,0.7756017951856385,0.7050147492625368,0.7219647822057461,0.7406369955389562,0.7552019583843329,0.7237851662404091,0.7442455242966752,0.7253585596582239,0.6862030569895738,0.7348021215830273,0.7237851662404091,0.7660461804495982,0.7331691297208538,0.7519636213311286,0.745702370053911,0.7536945812807881,0.7253585596582239,0.7237851662404091,0.7519636213311286,0.7851662404092072,0.7373737373737375,0.7106242248863167,0.6956168831168831,0.7159090909090908,0.7362012987012987,0.7406369955389562,0.7126436781609196,0.7237851662404091,0.7331691297208538,0.7266929851199515,0.7362012987012987,0.7126436781609196,0.7851662404092072,0.7237851662404091,0.7442455242966752,0.745702370053911,0.7742200328407225,0.653202774377805,0.7442455242966752,0.7519636213311286,0.7033248081841432,0.767182913250329,0.7013695808876532,0.6940024479804161,0.6828644501278773,0.745702370053911,0.7312939231087225,0.7383252818035426,0.7331691297208538,0.745702370053911,0.7253585596582239,0.7219647822057461,0.7266929851199515,0.7331691297208538,0.7159090909090908,0.6966209854587301,0.7013695808876532,0.7033248081841432,0.7312939231087225,0.7237851662404091,0.6601791782514674,0.7564935064935066,0.7237851662404091,0.7348021215830273,0.6940024479804161,0.7348021215830273,0.7126436781609196,0.7033248081841432,0.75,0.6956168831168831,0.7266929851199515,0.7126436781609196,0.7277951406391774,0.6828644501278773,0.6846709388668497,0.6991389148251894,0.7331691297208538,0.7253585596582239,0.6847414880201765,0.7064480210547626,0.6807743795695603,0.7033248081841432,0.7681217864704104,0.6921182266009853,0.6956168831168831,0.7050147492625368,0.7159090909090908,0.7064480210547626,0.7126436781609196,0.7064480210547626,0.6828644501278773,0.6921182266009853,0.6601791782514674,0.7144022847817217,0.7564935064935066,0.6899545266639108,0.7126436781609196,0.7083333333333333,0.7348021215830273,0.7013695808876532,0.7126436781609196,0.6921182266009853,0.6846709388668497,0.7126436781609196,0.7144022847817217,0.7536945812807881,0.6956168831168831,0.7159090909090908,0.7331691297208538,0.7050147492625368,0.6807743795695603,0.7312939231087225,0.6921182266009853,0.7253585596582239,0.7144022847817217,0.6828644501278773,0.6899545266639108,0.7631551848419318,0.7348021215830273,0.7331691297208538,0.6783898744683058,0.7013695808876532,0.7126436781609196,0.7331691297208538,0.7050147492625368,0.6395839769333744,0.653202774377805,0.7266929851199515,0.6828644501278773,0.7253585596582239,0.7064480210547626,0.6828644501278773,0.7442455242966752,0.7237851662404091,0.7126436781609196,0.7348021215830273,0.7126436781609196,0.6576408341114224,0.6736026111791106,0.6991389148251894,0.7050147492625368,0.7126436781609196,0.7144022847817217,0.7237851662404091,0.7362012987012987,0.6966209854587301,0.7425599835238389,0.7159090909090908,0.6921182266009853,0.745702370053911,0.7033248081841432,0.7083333333333333,0.7442455242966752,0.6846709388668497,0.6940024479804161,0.7237851662404091,0.6643271284711627,0.6940024479804161,0.7144022847817217,0.7106242248863167,0.767182913250329,0.7362012987012987,0.7013695808876532,0.7237851662404091,0.6807743795695603,0.7033248081841432,0.6862030569895738,0.7266929851199515,0.6846709388668497,0.7050147492625368,0.7159090909090908,0.745702370053911,0.7348021215830273,0.7237851662404091,0.6753246753246753,0.7033248081841432,0.745702370053911,0.7425599835238389,0.7126436781609196,0.7159090909090908,0.7159090909090908,0.7144022847817217,0.7552019583843329,0.745702370053911,0.7171717171717172,0.7064480210547626,0.7033248081841432,0.6715927750410509,0.7660461804495982,0.7253585596582239,0.7033248081841432,0.7033248081841432,0.7348021215830273,0.7348021215830273,0.7050147492625368,0.7266929851199515,0.7442455242966752,0.7631551848419318,0.745702370053911,0.7126436781609196,0.7564935064935066,0.7013695808876532,0.7286704853783539,0.7050147492625368,0.7362012987012987,0.7756017951856385,0.7144022847817217,0.7331691297208538,0.7442455242966752,0.7742200328407225,0.7237851662404091,0.7425599835238389,