{"random_forest":0.7144022847817217,"naive_bayes":0.7383252818035426,"decision_tree":0.6510673234811166,"knn":0.7960016319869441,"svm":0.358974358974359}