{"allAttributes":0.358974358974359,"bestAttributes":[0.358974358974359,0.358974358974359,0.358974358974359,0.358974358974359,0.358974358974359,0.358974358974359,0.358974358974359,0.358974358974359,0.358974358974359,0.358974358974359,0.358974358974359,0.358974358974359,0.358974358974359,0.358974358974359,0.358974358974359,0.358974358974359,0.358974358974359,0.358974358974359,0.358974358974359,0.358974358974359,0.358974358974359,0.358974358974359,0.358974358974359,0.358974358974359,0.358974358974359,0.358974358974359,0.358974358974359,0.358974358974359,0.358974358974359,0.358974358974359,0.358974358974359,0.358974358974359,0.358974358974359,0.358974358974359,0.358974358974359,0.358974358974359,0.358974358974359,0.358974358974359,0.358974358974359,0.358974358974359,0.358974358974359,0.358974358974359,0.358974358974359,0.358974358974359,0.358974358974359,0.358974358974359,0.358974358974359,0.358974358974359,0.358974358974359,0.358974358974359,0.358974358974359,0.358974358974359,0.358974358974359,0.358974358974359,0.358974358974359,0.358974358974359,0.358974358974359,0.358974358974359,0.358974358974359,0.358974358974359,0.358974358974359,0.358974358974359,0.358974358974359,0.358974358974359,0.358974358974359,0.358974358974359,0.358974358974359,0.358974358974359,0.358974358974359,0.358974358974359,0.358974358974359,0.358974358974359,0.358974358974359,0.358974358974359,0.358974358974359,0.358974358974359,0.358974358974359,0.358974358974359,0.358974358974359,0.358974358974359,0.358974358974359,0.47862356621480706,0.3742177722152691,0.358974358974359,0.358974358974359,0.358974358974359,0.3548387096774194,0.3548387096774194,0.3742177722152691,0.3742177722152691,0.3506493506493506,0.3506493506493506,0.3506493506493506,0.4715073529411765,0.4950061721467848,0.4950061721467848,0.4950061721467848,0.5024875621890547,0.50997150997151,0.494485294117647,0.5251017639077341,0.4950061721467848,0.4950061721467848,0.4950061721467848,0.3506493506493506,0.4623655913978495,0.494485294117647,0.494485294117647,0.4871794871794871,0.4871794871794871,0.4871794871794871,0.494485294117647,0.48003097687797325,0.48003097687797325,0.48003097687797325,0.5024875621890547,0.5164835164835164,0.5164835164835164,0.5164835164835164,0.5086799868981329,0.5086799868981329,0.4945054945054945,0.5086799868981329,0.4945054945054945,0.5021573182874212,0.5021573182874212,0.3506493506493506,0.3506493506493506,0.4871794871794871,0.5024875621890547,0.5024875621890547,0.4623655913978495,0.483110950835437,0.4623655913978495,0.4623655913978495,0.4623655913978495,0.4623655913978495,0.4623655913978495,0.4623655913978495,0.4623655913978495,0.5174503422735944,0.5174503422735944,0.5174503422735944,0.5174503422735944,0.5174503422735944,0.37888198757763975,0.37888198757763975,0.37888198757763975,0.37888198757763975,0.37888198757763975,0.37888198757763975,0.5242836596968691,0.5604395604395604,0.5604395604395604,0.5604395604395604,0.5604395604395604,0.5604395604395604,0.5604395604395604,0.5495495495495495,0.5495495495495495,0.5459824728117411,0.5459824728117411,0.5416666666666667,0.5292394601945811,0.5292394601945811,0.5292394601945811,0.5292394601945811,0.5376208490962588,0.5376208490962588,0.5376208490962588,0.5376208490962588,0.5376208490962588,0.5376208490962588,0.5376208490962588,0.5376208490962588,0.5416666666666667,0.5501621508525997,0.5501621508525997,0.5366079703429101,0.5279146141215106,0.5191815856777494,0.5191815856777494,0.5104039167686658,0.5104039167686658,0.5104039167686658,0.5219204557013528,0.5219204557013528,0.5219204557013528,0.5219204557013528,0.5219204557013528,0.5219204557013528,0.5219204557013528,0.5219204557013528,0.5219204557013528,0.5332792207792207,0.5332792207792207,0.5332792207792207,0.5332792207792207,0.5332792207792207,0.5332792207792207,0.5332792207792207,0.5332792207792207,0.5332792207792207,0.5444883085332524,0.5555555555555556,0.5444883085332524,0.5535714285714286,0.5416666666666667,0.5416666666666667,0.5376208490962588,0.5416666666666667,0.5416666666666667,0.5416666666666667,0.5501621508525997,0.5501621508525997,0.5501621508525997,0.5501621508525997,0.5586380832282472,0.5586380832282472,0.5586380832282472,0.3969298245614035,0.3969298245614035,0.3969298245614035,0.5833333333333333,0.5833333333333333,0.565936337329475,0.565936337329475,0.565936337329475,0.557203171661003,0.565936337329475,0.565936337329475,0.565936337329475,0.44000000000000006,0.44000000000000006,0.557203171661003,0.557203171661003,0.557203171661003,0.5452666391070691,0.5452666391070691,0.5452666391070691,0.44000000000000006,0.44000000000000006,0.44000000000000006,0.44000000000000006,0.44000000000000006,0.44587106365725093,0.40203031567236824,0.40203031567236824,0.40203031567236824,0.4243421052631579,0.4243421052631579,0.4666666666666667,0.46045532306882486,0.44587106365725093,0.4666666666666667,0.44587106365725093,0.44587106365725093,0.44587106365725093,0.44587106365725093,0.44587106365725093,0.44587106365725093,0.44587106365725093,0.44587106365725093,0.44587106365725093,0.44587106365725093,0.44587106365725093,0.4243421052631579,0.4243421052631579,0.4243421052631579,0.4243421052631579,0.4243421052631579,0.4243421052631579,0.4243421052631579,0.44587106365725093,0.44587106365725093,0.44587106365725093,0.44587106365725093,0.44587106365725093,0.44587106365725093,0.44587106365725093,0.40203031567236824,0.40203031567236824,0.40203031567236824,0.40203031567236824,0.40203031567236824,0.40203031567236824,0.40203031567236824,0.40203031567236824,0.40203031567236824,0.40203031567236824,0.40203031567236824,0.40203031567236824,0.40203031567236824,0.40203031567236824,0.40203031567236824,0.40203031567236824,0.40203031567236824,0.40203031567236824,0.40203031567236824,0.40203031567236824,0.40203031567236824,0.40203031567236824,0.40203031567236824,0.40203031567236824,0.3969298245614035,0.3969298245614035,0.3969298245614035,0.3969298245614035,0.3969298245614035,0.3969298245614035,0.3969298245614035,0.40203031567236824,0.40203031567236824,0.40203031567236824,0.40203031567236824,0.40203031567236824,0.40203031567236824,0.40203031567236824,0.40203031567236824,0.40203031567236824,0.40203031567236824,0.40203031567236824,0.40203031567236824,0.40203031567236824,0.40203031567236824,0.40203031567236824,0.40203031567236824,0.40203031567236824,0.40203031567236824,0.40203031567236824,0.40203031567236824,0.40203031567236824,0.40203031567236824,0.40203031567236824,0.40203031567236824,0.40203031567236824,0.40203031567236824,0.40203031567236824,0.40203031567236824,0.40203031567236824,0.40203031567236824,0.40203031567236824,0.40203031567236824,0.40203031567236824,0.4071146245059289,0.4071146245059289,0.4071146245059289,0.4071146245059289,0.4071146245059289,0.4071146245059289,0.4071146245059289,0.4071146245059289,0.4071146245059289,0.4071146245059289,0.4071146245059289,0.4071146245059289,0.4071146245059289,0.4071146245059289,0.4071146245059289,0.4071146245059289,0.4071146245059289,0.4071146245059289,0.4071146245059289,0.4071146245059289,0.4071146245059289,0.4071146245059289,0.4071146245059289,0.4071146245059289,0.4071146245059289,0.4071146245059289,0.4071146245059289,0.4071146245059289,0.4071146245059289,0.4071146245059289,0.4071146245059289,0.4071146245059289,0.4071146245059289,0.4071146245059289,0.4071146245059289,0.4071146245059289,0.4071146245059289,0.4071146245059289,0.4071146245059289,0.4071146245059289,0.4071146245059289,0.4071146245059289,0.4071146245059289,0.4071146245059289,0.4071146245059289,0.4071146245059289,0.4071146245059289,0.4071146245059289,0.4071146245059289,0.4071146245059289,0.4071146245059289,0.4071146245059289,0.4071146245059289,0.4071146245059289,0.4071146245059289,0.4071146245059289,0.4071146245059289,0.4071146245059289,0.4071146245059289,0.4071146245059289,0.4071146245059289,0.4071146245059289,0.4071146245059289,0.4071146245059289,0.4071146245059289,0.4071146245059289,0.4071146245059289,0.4071146245059289,0.4071146245059289,0.4071146245059289,0.4071146245059289,0.4071146245059289,0.4071146245059289,0.4071146245059289,